date,time,abbreviation_canton_and_fl,ncumul_tested,ncumul_conf,new_hosp,current_hosp,current_icu,current_vent,ncumul_released,ncumul_deceased,source,current_isolated,current_quarantined,current_quarantined_riskareatravel,current_quarantined_total
2020-02-27,14:30,ZH,0.0,2,0.0,0.0,0.0,0.0,0.0,0.0,https://www.zh.ch/de/gesundheit/coronavirus.html,0.0,0.0,0.0,0.0
2020-02-28,14:30,ZH,0.0,2,0.0,0.0,0.0,0.0,0.0,0.0,https://www.zh.ch/de/gesundheit/coronavirus.html,0.0,0.0,0.0,0.0
2020-02-29,14:30,ZH,0.0,6,0.0,0.0,0.0,0.0,0.0,0.0,https://www.zh.ch/de/gesundheit/coronavirus.html,0.0,0.0,0.0,0.0
2020-03-01,14:30,ZH,0.0,8,0.0,0.0,0.0,0.0,0.0,0.0,https://www.zh.ch/de/gesundheit/coronavirus.html,0.0,0.0,0.0,0.0
2020-03-02,14:30,ZH,0.0,11,0.0,0.0,0.0,0.0,0.0,0.0,https://www.zh.ch/de/gesundheit/coronavirus.html,0.0,0.0,0.0,0.0
2020-03-03,14:30,ZH,0.0,15,0.0,0.0,0.0,0.0,0.0,0.0,https://www.zh.ch/de/gesundheit/coronavirus.html,0.0,0.0,0.0,0.0
2020-03-04,14:30,ZH,0.0,18,0.0,0.0,0.0,0.0,0.0,0.0,https://www.zh.ch/de/gesundheit/coronavirus.html,0.0,0.0,0.0,0.0
2020-03-05,14:30,ZH,0.0,27,0.0,0.0,0.0,0.0,0.0,0.0,https://www.zh.ch/de/gesundheit/coronavirus.html,0.0,0.0,0.0,0.0
2020-03-06,14:30,ZH,0.0,34,0.0,0.0,0.0,0.0,0.0,0.0,https://www.zh.ch/de/gesundheit/coronavirus.html,0.0,0.0,0.0,0.0
2020-03-07,14:30,ZH,0.0,40,0.0,0.0,0.0,0.0,0.0,0.0,https://www.zh.ch/de/gesundheit/coronavirus.html,0.0,0.0,0.0,0.0
2020-03-08,14:30,ZH,0.0,46,0.0,0.0,0.0,0.0,0.0,0.0,https://www.zh.ch/de/gesundheit/coronavirus.html,0.0,0.0,0.0,0.0
2020-03-09,14:30,ZH,0.0,56,0.0,0.0,0.0,0.0,0.0,0.0,https://www.zh.ch/de/gesundheit/coronavirus.html,0.0,0.0,0.0,0.0
2020-03-10,14:30,ZH,0.0,71,0.0,0.0,0.0,0.0,0.0,0.0,https://www.zh.ch/de/gesundheit/coronavirus.html,0.0,0.0,0.0,0.0
2020-03-11,14:30,ZH,0.0,111,0.0,0.0,0.0,0.0,0.0,0.0,https://www.zh.ch/de/gesundheit/coronavirus.html,0.0,0.0,0.0,0.0
2020-03-12,14:30,ZH,0.0,152,0.0,0.0,0.0,0.0,0.0,0.0,https://www.zh.ch/de/gesundheit/coronavirus.html,0.0,0.0,0.0,0.0
2020-03-13,14:30,ZH,0.0,175,0.0,0.0,0.0,0.0,0.0,0.0,https://www.zh.ch/de/gesundheit/coronavirus.html,0.0,0.0,0.0,0.0
2020-03-14,14:30,ZH,0.0,233,0.0,0.0,0.0,0.0,0.0,0.0,https://www.zh.ch/de/gesundheit/coronavirus.html,0.0,0.0,0.0,0.0
2020-03-15,14:30,ZH,0.0,265,0.0,0.0,0.0,0.0,0.0,1.0,https://www.zh.ch/de/gesundheit/coronavirus.html,0.0,0.0,0.0,0.0
2020-03-16,14:30,ZH,0.0,344,0.0,0.0,0.0,0.0,0.0,1.0,https://www.zh.ch/de/gesundheit/coronavirus.html,0.0,0.0,0.0,0.0
2020-03-17,14:30,ZH,0.0,452,0.0,0.0,0.0,0.0,0.0,1.0,https://www.zh.ch/de/gesundheit/coronavirus.html,0.0,0.0,0.0,0.0
2020-03-18,14:30,ZH,0.0,591,0.0,0.0,0.0,0.0,0.0,2.0,https://www.zh.ch/de/gesundheit/coronavirus.html,0.0,0.0,0.0,0.0
2020-03-19,14:30,ZH,0.0,703,0.0,60.0,0.0,12.0,0.0,3.0,https://www.zh.ch/de/gesundheit/coronavirus.html,0.0,0.0,0.0,0.0
2020-03-20,14:30,ZH,0.0,738,0.0,83.0,0.0,15.0,0.0,4.0,https://www.zh.ch/de/gesundheit/coronavirus.html,0.0,0.0,0.0,0.0
2020-03-21,14:30,ZH,0.0,951,0.0,83.0,0.0,23.0,0.0,5.0,https://www.zh.ch/de/gesundheit/coronavirus.html,0.0,0.0,0.0,0.0
2020-03-22,14:30,ZH,0.0,1010,0.0,110.0,0.0,22.0,0.0,6.0,https://www.zh.ch/de/gesundheit/coronavirus.html,0.0,0.0,0.0,0.0
2020-03-23,14:30,ZH,0.0,1099,0.0,127.0,0.0,27.0,0.0,6.0,https://www.zh.ch/de/gesundheit/coronavirus.html,0.0,0.0,0.0,0.0
2020-03-24,14:30,ZH,0.0,1247,0.0,138.0,0.0,26.0,0.0,8.0,https://www.zh.ch/de/gesundheit/coronavirus.html,0.0,0.0,0.0,0.0
2020-03-25,14:30,ZH,0.0,1391,0.0,146.0,0.0,28.0,0.0,10.0,https://www.zh.ch/de/gesundheit/coronavirus.html,0.0,0.0,0.0,0.0
2020-03-26,14:30,ZH,0.0,1524,0.0,156.0,0.0,35.0,0.0,13.0,https://www.zh.ch/de/gesundheit/coronavirus.html,0.0,0.0,0.0,0.0
2020-03-27,14:30,ZH,0.0,1652,0.0,171.0,0.0,38.0,0.0,15.0,https://www.zh.ch/de/gesundheit/coronavirus.html,0.0,0.0,0.0,0.0
2020-03-28,14:30,ZH,0.0,1726,0.0,187.0,0.0,42.0,0.0,19.0,https://www.zh.ch/de/gesundheit/coronavirus.html,0.0,0.0,0.0,0.0
2020-03-29,14:30,ZH,0.0,1758,0.0,194.0,0.0,46.0,0.0,22.0,https://www.zh.ch/de/gesundheit/coronavirus.html,0.0,0.0,0.0,0.0
2020-03-30,14:30,ZH,0.0,1884,0.0,197.0,0.0,46.0,0.0,24.0,https://www.zh.ch/de/gesundheit/coronavirus.html,0.0,0.0,0.0,0.0
2020-03-31,14:30,ZH,0.0,1972,0.0,196.0,0.0,50.0,0.0,27.0,https://www.zh.ch/de/gesundheit/coronavirus.html,0.0,0.0,0.0,0.0
2020-04-01,14:30,ZH,0.0,2161,0.0,203.0,0.0,54.0,0.0,36.0,https://www.zh.ch/de/gesundheit/coronavirus.html,0.0,0.0,0.0,0.0
2020-04-02,14:30,ZH,0.0,2325,0.0,200.0,0.0,53.0,0.0,39.0,https://www.zh.ch/de/gesundheit/coronavirus.html,0.0,0.0,0.0,0.0
2020-04-03,14:30,ZH,0.0,2453,0.0,207.0,0.0,57.0,0.0,41.0,https://www.zh.ch/de/gesundheit/coronavirus.html,0.0,0.0,0.0,0.0
2020-04-04,14:30,ZH,0.0,2486,0.0,194.0,0.0,59.0,0.0,49.0,https://www.zh.ch/de/gesundheit/coronavirus.html,0.0,0.0,0.0,0.0
2020-04-05,14:30,ZH,0.0,2516,0.0,194.0,0.0,59.0,0.0,53.0,https://www.zh.ch/de/gesundheit/coronavirus.html,0.0,0.0,0.0,0.0
2020-04-06,14:30,ZH,0.0,2630,0.0,198.0,0.0,58.0,0.0,55.0,https://www.zh.ch/de/gesundheit/coronavirus.html,0.0,0.0,0.0,0.0
2020-04-07,14:30,ZH,0.0,2713,0.0,181.0,0.0,60.0,0.0,57.0,https://www.zh.ch/de/gesundheit/coronavirus.html,0.0,0.0,0.0,0.0
2020-04-08,14:30,ZH,0.0,2807,0.0,170.0,0.0,56.0,0.0,65.0,https://www.zh.ch/de/gesundheit/coronavirus.html,0.0,0.0,0.0,0.0
2020-04-09,14:30,ZH,0.0,2904,0.0,165.0,0.0,55.0,0.0,66.0,https://www.zh.ch/de/gesundheit/coronavirus.html,0.0,0.0,0.0,0.0
2020-04-10,14:30,ZH,0.0,2944,0.0,152.0,0.0,50.0,0.0,71.0,https://www.zh.ch/de/gesundheit/coronavirus.html,0.0,0.0,0.0,0.0
2020-04-11,14:30,ZH,0.0,3002,0.0,149.0,0.0,50.0,0.0,77.0,https://www.zh.ch/de/gesundheit/coronavirus.html,0.0,0.0,0.0,0.0
2020-04-12,14:30,ZH,0.0,3019,0.0,153.0,0.0,49.0,0.0,79.0,https://www.zh.ch/de/gesundheit/coronavirus.html,0.0,0.0,0.0,0.0
2020-04-13,14:30,ZH,0.0,3036,0.0,154.0,0.0,50.0,0.0,83.0,https://www.zh.ch/de/gesundheit/coronavirus.html,0.0,0.0,0.0,0.0
2020-04-14,14:30,ZH,0.0,3083,0.0,149.0,0.0,52.0,0.0,87.0,https://www.zh.ch/de/gesundheit/coronavirus.html,0.0,0.0,0.0,0.0
2020-04-15,14:30,ZH,0.0,3129,0.0,136.0,0.0,50.0,0.0,91.0,https://www.zh.ch/de/gesundheit/coronavirus.html,0.0,0.0,0.0,0.0
2020-04-16,14:30,ZH,0.0,3163,0.0,135.0,0.0,51.0,0.0,95.0,https://www.zh.ch/de/gesundheit/coronavirus.html,0.0,0.0,0.0,0.0
2020-04-17,14:30,ZH,0.0,3186,0.0,123.0,0.0,45.0,0.0,99.0,https://www.zh.ch/de/gesundheit/coronavirus.html,0.0,0.0,0.0,0.0
2020-04-18,14:30,ZH,0.0,3225,0.0,114.0,0.0,44.0,0.0,105.0,https://www.zh.ch/de/gesundheit/coronavirus.html,0.0,0.0,0.0,0.0
2020-04-19,14:30,ZH,0.0,3252,0.0,116.0,0.0,43.0,0.0,105.0,https://www.zh.ch/de/gesundheit/coronavirus.html,0.0,0.0,0.0,0.0
2020-04-20,14:30,ZH,0.0,3268,0.0,121.0,0.0,43.0,0.0,107.0,https://www.zh.ch/de/gesundheit/coronavirus.html,0.0,0.0,0.0,0.0
2020-04-21,14:30,ZH,0.0,3293,0.0,110.0,0.0,41.0,0.0,109.0,https://www.zh.ch/de/gesundheit/coronavirus.html,0.0,0.0,0.0,0.0
2020-04-22,14:30,ZH,0.0,3332,0.0,110.0,0.0,44.0,0.0,110.0,https://www.zh.ch/de/gesundheit/coronavirus.html,0.0,0.0,0.0,0.0
2020-04-23,14:30,ZH,0.0,3347,0.0,96.0,0.0,44.0,0.0,113.0,https://www.zh.ch/de/gesundheit/coronavirus.html,0.0,0.0,0.0,0.0
2020-04-24,14:30,ZH,0.0,3372,0.0,83.0,46.0,42.0,0.0,114.0,https://www.zh.ch/de/gesundheit/coronavirus.html,0.0,0.0,0.0,0.0
2020-04-25,14:30,ZH,0.0,3403,0.0,77.0,44.0,38.0,0.0,115.0,https://www.zh.ch/de/gesundheit/coronavirus.html,0.0,0.0,0.0,0.0
2020-04-26,14:30,ZH,0.0,3406,0.0,75.0,33.0,26.0,0.0,115.0,https://www.zh.ch/de/gesundheit/coronavirus.html,0.0,0.0,0.0,0.0
2020-04-27,14:30,ZH,0.0,3424,0.0,73.0,33.0,24.0,0.0,119.0,https://www.zh.ch/de/gesundheit/coronavirus.html,0.0,0.0,0.0,0.0
2020-04-28,14:30,ZH,0.0,3439,0.0,84.0,25.0,19.0,0.0,119.0,https://www.zh.ch/de/gesundheit/coronavirus.html,0.0,0.0,0.0,0.0
2020-04-29,14:30,ZH,0.0,3468,0.0,82.0,25.0,19.0,0.0,121.0,https://www.zh.ch/de/gesundheit/coronavirus.html,0.0,0.0,0.0,0.0
2020-04-30,14:30,ZH,0.0,3479,0.0,61.0,21.0,15.0,0.0,123.0,https://www.zh.ch/de/gesundheit/coronavirus.html,0.0,0.0,0.0,0.0
2020-05-01,14:30,ZH,0.0,3492,0.0,43.0,20.0,14.0,0.0,123.0,https://www.zh.ch/de/gesundheit/coronavirus.html,0.0,0.0,0.0,0.0
2020-05-02,14:30,ZH,0.0,3495,0.0,41.0,19.0,13.0,0.0,123.0,https://www.zh.ch/de/gesundheit/coronavirus.html,0.0,0.0,0.0,0.0
2020-05-03,14:30,ZH,0.0,3499,0.0,42.0,19.0,12.0,0.0,123.0,https://www.zh.ch/de/gesundheit/coronavirus.html,0.0,0.0,0.0,0.0
2020-05-04,14:30,ZH,0.0,3501,0.0,43.0,18.0,11.0,0.0,123.0,https://www.zh.ch/de/gesundheit/coronavirus.html,0.0,0.0,0.0,0.0
2020-05-05,14:30,ZH,0.0,3517,0.0,54.0,16.0,9.0,0.0,124.0,https://www.zh.ch/de/gesundheit/coronavirus.html,0.0,0.0,0.0,0.0
2020-05-06,14:30,ZH,0.0,3532,0.0,53.0,14.0,7.0,0.0,125.0,https://www.zh.ch/de/gesundheit/coronavirus.html,0.0,0.0,0.0,0.0
2020-05-07,14:30,ZH,0.0,3542,0.0,50.0,12.0,7.0,0.0,125.0,https://www.zh.ch/de/gesundheit/coronavirus.html,0.0,0.0,0.0,0.0
2020-05-08,14:30,ZH,0.0,3552,0.0,47.0,8.0,5.0,0.0,125.0,https://www.zh.ch/de/gesundheit/coronavirus.html,0.0,0.0,0.0,0.0
2020-05-09,14:30,ZH,0.0,3557,0.0,37.0,8.0,5.0,0.0,126.0,https://www.zh.ch/de/gesundheit/coronavirus.html,0.0,0.0,0.0,0.0
2020-05-10,14:30,ZH,0.0,3560,0.0,40.0,10.0,5.0,0.0,126.0,https://www.zh.ch/de/gesundheit/coronavirus.html,0.0,0.0,0.0,0.0
2020-05-11,14:30,ZH,0.0,3565,0.0,44.0,10.0,5.0,0.0,126.0,https://www.zh.ch/de/gesundheit/coronavirus.html,0.0,0.0,0.0,0.0
2020-05-12,14:30,ZH,0.0,3567,0.0,44.0,9.0,7.0,0.0,126.0,https://www.zh.ch/de/gesundheit/coronavirus.html,0.0,0.0,0.0,0.0
2020-05-13,14:30,ZH,0.0,3573,0.0,38.0,11.0,8.0,0.0,126.0,https://www.zh.ch/de/gesundheit/coronavirus.html,0.0,0.0,0.0,0.0
2020-05-14,14:30,ZH,0.0,3578,0.0,36.0,12.0,7.0,0.0,126.0,https://www.zh.ch/de/gesundheit/coronavirus.html,0.0,0.0,0.0,0.0
2020-05-15,14:30,ZH,0.0,3580,0.0,33.0,12.0,7.0,0.0,127.0,https://www.zh.ch/de/gesundheit/coronavirus.html,0.0,0.0,0.0,0.0
2020-05-16,14:30,ZH,0.0,3585,0.0,32.0,13.0,8.0,0.0,127.0,https://www.zh.ch/de/gesundheit/coronavirus.html,0.0,0.0,0.0,0.0
2020-05-17,14:30,ZH,0.0,3587,0.0,33.0,12.0,8.0,0.0,127.0,https://www.zh.ch/de/gesundheit/coronavirus.html,0.0,0.0,0.0,0.0
2020-05-18,14:30,ZH,0.0,3591,0.0,33.0,12.0,8.0,0.0,127.0,https://www.zh.ch/de/gesundheit/coronavirus.html,0.0,0.0,0.0,0.0
2020-05-19,14:30,ZH,0.0,3595,0.0,30.0,8.0,6.0,0.0,128.0,https://www.zh.ch/de/gesundheit/coronavirus.html,0.0,0.0,0.0,0.0
2020-05-20,14:30,ZH,0.0,3599,0.0,29.0,7.0,4.0,0.0,128.0,https://www.zh.ch/de/gesundheit/coronavirus.html,0.0,0.0,0.0,0.0
2020-05-21,14:30,ZH,0.0,3600,0.0,25.0,6.0,3.0,0.0,128.0,https://www.zh.ch/de/gesundheit/coronavirus.html,0.0,0.0,0.0,0.0
2020-05-22,14:30,ZH,0.0,3602,0.0,31.0,8.0,4.0,0.0,128.0,https://www.zh.ch/de/gesundheit/coronavirus.html,0.0,0.0,0.0,0.0
2020-05-23,14:30,ZH,0.0,3604,0.0,26.0,7.0,1.0,0.0,128.0,https://www.zh.ch/de/gesundheit/coronavirus.html,0.0,0.0,0.0,0.0
2020-05-24,14:30,ZH,0.0,3605,0.0,28.0,8.0,1.0,0.0,128.0,https://www.zh.ch/de/gesundheit/coronavirus.html,0.0,0.0,0.0,0.0
2020-05-25,14:30,ZH,0.0,3607,0.0,23.0,8.0,1.0,0.0,128.0,https://www.zh.ch/de/gesundheit/coronavirus.html,0.0,0.0,0.0,0.0
2020-05-26,14:30,ZH,0.0,3613,0.0,19.0,6.0,1.0,0.0,130.0,https://www.zh.ch/de/gesundheit/coronavirus.html,14.0,58.0,0.0,0.0
2020-05-27,14:30,ZH,0.0,3616,0.0,18.0,4.0,1.0,0.0,130.0,https://www.zh.ch/de/gesundheit/coronavirus.html,0.0,0.0,0.0,0.0
2020-05-28,14:30,ZH,0.0,3621,0.0,20.0,2.0,1.0,0.0,130.0,https://www.zh.ch/de/gesundheit/coronavirus.html,0.0,0.0,0.0,0.0
2020-05-29,14:30,ZH,0.0,3627,0.0,15.0,0.0,0.0,0.0,130.0,https://www.zh.ch/de/gesundheit/coronavirus.html,22.0,67.0,0.0,0.0
2020-05-30,14:30,ZH,0.0,3633,0.0,12.0,0.0,0.0,0.0,130.0,https://www.zh.ch/de/gesundheit/coronavirus.html,0.0,0.0,0.0,0.0
2020-05-31,14:30,ZH,0.0,3633,0.0,11.0,3.0,1.0,0.0,130.0,https://www.zh.ch/de/gesundheit/coronavirus.html,0.0,0.0,0.0,0.0
2020-06-01,14:30,ZH,0.0,3633,0.0,11.0,3.0,1.0,0.0,130.0,https://www.zh.ch/de/gesundheit/coronavirus.html,0.0,0.0,0.0,0.0
2020-06-02,14:30,ZH,0.0,3635,0.0,11.0,1.0,0.0,0.0,130.0,https://www.zh.ch/de/gesundheit/coronavirus.html,18.0,47.0,0.0,0.0
2020-06-03,14:30,ZH,0.0,3638,0.0,9.0,5.0,1.0,0.0,130.0,https://www.zh.ch/de/gesundheit/coronavirus.html,18.0,47.0,0.0,0.0
2020-06-04,14:30,ZH,0.0,3646,0.0,9.0,5.0,1.0,0.0,130.0,https://www.zh.ch/de/gesundheit/coronavirus.html,19.0,68.0,0.0,0.0
2020-06-05,14:30,ZH,0.0,3652,0.0,8.0,2.0,1.0,0.0,130.0,https://www.zh.ch/de/gesundheit/coronavirus.html,19.0,68.0,0.0,0.0
2020-06-06,14:30,ZH,0.0,3656,0.0,7.0,2.0,1.0,0.0,130.0,https://www.zh.ch/de/gesundheit/coronavirus.html,0.0,0.0,0.0,0.0
2020-06-07,14:30,ZH,0.0,3656,0.0,7.0,2.0,1.0,0.0,130.0,https://www.zh.ch/de/gesundheit/coronavirus.html,0.0,0.0,0.0,0.0
2020-06-08,14:30,ZH,0.0,3656,0.0,7.0,0.0,0.0,0.0,130.0,https://www.zh.ch/de/gesundheit/coronavirus.html,19.0,68.0,0.0,0.0
2020-06-09,14:30,ZH,0.0,3656,0.0,6.0,0.0,0.0,0.0,130.0,https://www.zh.ch/de/gesundheit/coronavirus.html,16.0,37.0,0.0,0.0
2020-06-10,14:30,ZH,0.0,3659,0.0,7.0,0.0,0.0,0.0,130.0,https://www.zh.ch/de/gesundheit/coronavirus.html,16.0,37.0,0.0,0.0
2020-06-11,14:30,ZH,0.0,3661,0.0,8.0,0.0,0.0,0.0,130.0,https://www.zh.ch/de/gesundheit/coronavirus.html,20.0,64.0,0.0,0.0
2020-06-12,14:30,ZH,0.0,3663,0.0,9.0,0.0,0.0,0.0,130.0,https://www.zh.ch/de/gesundheit/coronavirus.html,20.0,64.0,0.0,0.0
2020-06-13,14:30,ZH,0.0,3666,0.0,8.0,1.0,0.0,0.0,130.0,https://www.zh.ch/de/gesundheit/coronavirus.html,0.0,0.0,0.0,0.0
2020-06-14,14:30,ZH,0.0,3671,0.0,9.0,1.0,0.0,0.0,130.0,https://www.zh.ch/de/gesundheit/coronavirus.html,0.0,0.0,0.0,0.0
2020-06-15,14:30,ZH,0.0,3678,0.0,9.0,1.0,0.0,0.0,130.0,https://www.zh.ch/de/gesundheit/coronavirus.html,20.0,64.0,0.0,0.0
2020-06-16,14:30,ZH,0.0,3685,0.0,8.0,0.0,0.0,0.0,130.0,https://www.zh.ch/de/gesundheit/coronavirus.html,23.0,64.0,0.0,0.0
2020-06-17,14:30,ZH,0.0,3695,0.0,8.0,0.0,0.0,0.0,130.0,https://www.zh.ch/de/gesundheit/coronavirus.html,23.0,64.0,0.0,0.0
2020-06-18,14:30,ZH,0.0,3700,0.0,10.0,0.0,0.0,0.0,130.0,https://www.zh.ch/de/gesundheit/coronavirus.html,41.0,124.0,0.0,0.0
2020-06-19,14:30,ZH,0.0,3701,0.0,9.0,0.0,0.0,0.0,130.0,https://www.zh.ch/de/gesundheit/coronavirus.html,41.0,124.0,0.0,0.0
2020-06-20,14:30,ZH,0.0,3710,0.0,10.0,1.0,0.0,0.0,130.0,https://www.zh.ch/de/gesundheit/coronavirus.html,0.0,0.0,0.0,0.0
2020-06-21,14:30,ZH,0.0,3715,0.0,10.0,0.0,0.0,0.0,130.0,https://www.zh.ch/de/gesundheit/coronavirus.html,0.0,0.0,0.0,0.0
2020-06-22,14:30,ZH,0.0,3718,0.0,11.0,1.0,0.0,0.0,130.0,https://www.zh.ch/de/gesundheit/coronavirus.html,41.0,124.0,0.0,0.0
2020-06-23,14:30,ZH,0.0,3722,0.0,10.0,1.0,0.0,0.0,130.0,https://www.zh.ch/de/gesundheit/coronavirus.html,18.0,151.0,0.0,0.0
2020-06-24,14:30,ZH,0.0,3739,0.0,8.0,1.0,0.0,0.0,130.0,https://www.zh.ch/de/gesundheit/coronavirus.html,18.0,151.0,0.0,0.0
2020-06-25,14:30,ZH,0.0,3747,0.0,7.0,4.0,1.0,0.0,130.0,https://www.zh.ch/de/gesundheit/coronavirus.html,59.0,122.0,0.0,0.0
2020-06-26,14:30,ZH,0.0,3766,0.0,7.0,5.0,1.0,0.0,130.0,https://www.zh.ch/de/gesundheit/coronavirus.html,59.0,122.0,0.0,0.0
2020-06-27,14:30,ZH,0.0,3778,0.0,8.0,5.0,0.0,0.0,130.0,https://www.zh.ch/de/gesundheit/coronavirus.html,0.0,0.0,0.0,0.0
2020-06-28,14:30,ZH,0.0,3789,0.0,8.0,5.0,0.0,0.0,130.0,https://www.zh.ch/de/gesundheit/coronavirus.html,0.0,0.0,0.0,0.0
2020-06-29,14:30,ZH,0.0,3799,0.0,10.0,7.0,1.0,0.0,130.0,https://www.zh.ch/de/gesundheit/coronavirus.html,0.0,0.0,0.0,0.0
2020-06-30,14:30,ZH,0.0,3827,0.0,12.0,2.0,0.0,0.0,131.0,https://www.zh.ch/de/gesundheit/coronavirus.html,92.0,636.0,0.0,0.0
2020-07-01,14:30,ZH,0.0,3875,0.0,13.0,2.0,0.0,0.0,131.0,https://www.zh.ch/de/gesundheit/coronavirus.html,92.0,636.0,0.0,0.0
2020-07-02,14:30,ZH,0.0,3932,0.0,10.0,0.0,0.0,0.0,131.0,https://www.zh.ch/de/gesundheit/coronavirus.html,165.0,540.0,0.0,0.0
2020-07-03,14:30,ZH,0.0,3956,0.0,8.0,0.0,0.0,0.0,131.0,https://www.zh.ch/de/gesundheit/coronavirus.html,165.0,540.0,0.0,0.0
2020-07-04,14:30,ZH,0.0,3970,0.0,9.0,0.0,0.0,0.0,131.0,https://www.zh.ch/de/gesundheit/coronavirus.html,165.0,540.0,0.0,0.0
2020-07-05,14:30,ZH,0.0,3980,0.0,11.0,1.0,1.0,0.0,131.0,https://www.zh.ch/de/gesundheit/coronavirus.html,165.0,540.0,0.0,0.0
2020-07-06,14:30,ZH,0.0,3999,0.0,12.0,2.0,2.0,0.0,131.0,https://www.zh.ch/de/gesundheit/coronavirus.html,165.0,540.0,0.0,0.0
2020-07-07,14:30,ZH,0.0,4024,0.0,13.0,2.0,2.0,0.0,131.0,https://www.zh.ch/de/gesundheit/coronavirus.html,181.0,914.0,0.0,0.0
2020-07-08,14:30,ZH,0.0,4048,0.0,11.0,4.0,3.0,0.0,131.0,https://www.zh.ch/de/gesundheit/coronavirus.html,181.0,914.0,0.0,0.0
2020-07-09,14:30,ZH,0.0,4069,0.0,12.0,5.0,3.0,0.0,131.0,https://www.zh.ch/de/gesundheit/coronavirus.html,184.0,444.0,0.0,0.0
2020-07-10,14:30,ZH,0.0,4092,0.0,12.0,5.0,3.0,0.0,131.0,https://www.zh.ch/de/gesundheit/coronavirus.html,184.0,444.0,0.0,0.0
2020-07-11,14:30,ZH,0.0,4103,0.0,12.0,5.0,3.0,0.0,133.0,https://www.zh.ch/de/gesundheit/coronavirus.html,184.0,444.0,0.0,0.0
2020-07-12,14:30,ZH,0.0,4124,0.0,20.0,6.0,3.0,0.0,133.0,https://www.zh.ch/de/gesundheit/coronavirus.html,184.0,444.0,0.0,0.0
2020-07-13,14:30,ZH,0.0,4141,0.0,26.0,7.0,5.0,0.0,133.0,https://www.zh.ch/de/gesundheit/coronavirus.html,184.0,444.0,0.0,0.0
2020-07-14,14:30,ZH,0.0,4168,0.0,24.0,10.0,6.0,0.0,133.0,https://www.zh.ch/de/gesundheit/coronavirus.html,152.0,418.0,0.0,0.0
2020-07-15,14:30,ZH,0.0,4201,0.0,24.0,9.0,6.0,0.0,133.0,https://www.zh.ch/de/gesundheit/coronavirus.html,152.0,418.0,0.0,0.0
2020-07-16,14:30,ZH,0.0,4217,0.0,23.0,8.0,6.0,0.0,133.0,https://www.zh.ch/de/gesundheit/coronavirus.html,158.0,436.0,0.0,0.0
2020-07-17,14:30,ZH,0.0,4246,0.0,26.0,9.0,6.0,0.0,133.0,https://www.zh.ch/de/gesundheit/coronavirus.html,158.0,436.0,0.0,0.0
2020-07-18,14:30,ZH,0.0,4261,0.0,24.0,7.0,6.0,0.0,133.0,https://www.zh.ch/de/gesundheit/coronavirus.html,158.0,436.0,0.0,0.0
2020-07-19,14:30,ZH,0.0,4274,0.0,24.0,7.0,6.0,0.0,133.0,https://www.zh.ch/de/gesundheit/coronavirus.html,158.0,436.0,0.0,0.0
2020-07-20,14:30,ZH,0.0,4289,0.0,29.0,6.0,4.0,0.0,134.0,https://www.zh.ch/de/gesundheit/coronavirus.html,158.0,436.0,0.0,0.0
2020-07-21,14:30,ZH,0.0,4327,0.0,26.0,5.0,3.0,0.0,134.0,https://www.zh.ch/de/gesundheit/coronavirus.html,175.0,402.0,0.0,0.0
2020-07-22,14:30,ZH,0.0,4354,0.0,24.0,5.0,3.0,0.0,135.0,https://www.zh.ch/de/gesundheit/coronavirus.html,175.0,402.0,0.0,0.0
2020-07-23,14:30,ZH,0.0,4378,0.0,24.0,4.0,3.0,0.0,135.0,https://www.zh.ch/de/gesundheit/coronavirus.html,198.0,438.0,0.0,0.0
2020-07-24,14:30,ZH,0.0,4401,0.0,26.0,5.0,2.0,0.0,135.0,https://www.zh.ch/de/gesundheit/coronavirus.html,198.0,438.0,0.0,0.0
2020-07-25,14:30,ZH,0.0,4415,0.0,26.0,4.0,1.0,0.0,135.0,https://www.zh.ch/de/gesundheit/coronavirus.html,198.0,438.0,0.0,0.0
2020-07-26,14:30,ZH,0.0,4421,0.0,24.0,4.0,1.0,0.0,135.0,https://www.zh.ch/de/gesundheit/coronavirus.html,198.0,438.0,0.0,0.0
2020-07-27,14:30,ZH,0.0,4441,0.0,26.0,5.0,2.0,0.0,135.0,https://www.zh.ch/de/gesundheit/coronavirus.html,198.0,438.0,0.0,0.0
2020-07-28,14:30,ZH,0.0,4466,0.0,25.0,7.0,3.0,0.0,136.0,https://www.zh.ch/de/gesundheit/coronavirus.html,224.0,478.0,0.0,0.0
2020-07-29,14:30,ZH,0.0,4511,0.0,27.0,8.0,3.0,0.0,136.0,https://www.zh.ch/de/gesundheit/coronavirus.html,224.0,478.0,0.0,0.0
2020-07-30,14:30,ZH,0.0,4541,0.0,27.0,7.0,5.0,0.0,136.0,https://www.zh.ch/de/gesundheit/coronavirus.html,0.0,0.0,2765.0,0.0
2020-07-31,14:30,ZH,0.0,4572,0.0,34.0,7.0,5.0,0.0,136.0,https://www.zh.ch/de/gesundheit/coronavirus.html,267.0,536.0,0.0,0.0
2020-08-01,14:30,ZH,0.0,4595,0.0,36.0,7.0,5.0,0.0,136.0,https://www.zh.ch/de/gesundheit/coronavirus.html,267.0,536.0,0.0,0.0
2020-08-02,14:30,ZH,0.0,4606,0.0,36.0,7.0,4.0,0.0,136.0,https://www.zh.ch/de/gesundheit/coronavirus.html,267.0,536.0,0.0,0.0
2020-08-03,14:30,ZH,0.0,4618,0.0,36.0,6.0,4.0,0.0,136.0,https://www.zh.ch/de/gesundheit/coronavirus.html,267.0,536.0,0.0,0.0
2020-08-04,14:30,ZH,0.0,4637,0.0,35.0,6.0,4.0,0.0,136.0,https://www.zh.ch/de/gesundheit/coronavirus.html,437.0,556.0,0.0,0.0
2020-08-05,14:30,ZH,0.0,4688,0.0,29.0,6.0,4.0,0.0,137.0,https://www.zh.ch/de/gesundheit/coronavirus.html,437.0,556.0,0.0,0.0
2020-08-06,14:30,ZH,0.0,4723,0.0,25.0,5.0,4.0,0.0,138.0,https://www.zh.ch/de/gesundheit/coronavirus.html,358.0,659.0,4003.0,0.0
2020-08-07,14:30,ZH,0.0,4755,0.0,25.0,7.0,6.0,0.0,138.0,https://www.zh.ch/de/gesundheit/coronavirus.html,358.0,659.0,0.0,0.0
2020-08-08,14:30,ZH,0.0,4796,0.0,26.0,7.0,6.0,0.0,138.0,https://www.zh.ch/de/gesundheit/coronavirus.html,358.0,659.0,0.0,0.0
2020-08-09,14:30,ZH,0.0,4812,0.0,28.0,7.0,6.0,0.0,138.0,https://www.zh.ch/de/gesundheit/coronavirus.html,358.0,659.0,0.0,0.0
2020-08-10,14:30,ZH,0.0,4851,0.0,27.0,5.0,5.0,0.0,138.0,https://www.zh.ch/de/gesundheit/coronavirus.html,358.0,659.0,0.0,0.0
2020-08-11,14:30,ZH,0.0,4915,0.0,27.0,5.0,5.0,0.0,139.0,https://www.zh.ch/de/gesundheit/coronavirus.html,435.0,604.0,0.0,0.0
2020-08-12,14:30,ZH,0.0,4967,0.0,27.0,5.0,5.0,0.0,139.0,https://www.zh.ch/de/gesundheit/coronavirus.html,435.0,604.0,0.0,0.0
2020-08-13,14:30,ZH,0.0,5023,0.0,27.0,6.0,6.0,0.0,139.0,https://www.zh.ch/de/gesundheit/coronavirus.html,536.0,703.0,5980.0,0.0
2020-08-14,14:30,ZH,0.0,5083,0.0,26.0,6.0,6.0,0.0,139.0,https://www.zh.ch/de/gesundheit/coronavirus.html,536.0,703.0,0.0,0.0
2020-08-15,14:30,ZH,0.0,5145,0.0,26.0,6.0,6.0,0.0,139.0,https://www.zh.ch/de/gesundheit/coronavirus.html,536.0,703.0,0.0,0.0
2020-08-16,14:30,ZH,0.0,5174,0.0,29.0,7.0,7.0,0.0,139.0,https://www.zh.ch/de/gesundheit/coronavirus.html,536.0,703.0,0.0,0.0
2020-08-17,14:30,ZH,0.0,5218,0.0,33.0,9.0,9.0,0.0,139.0,https://www.zh.ch/de/gesundheit/coronavirus.html,536.0,703.0,0.0,0.0
2020-08-18,14:30,ZH,0.0,5284,0.0,33.0,9.0,9.0,0.0,139.0,https://www.zh.ch/de/gesundheit/coronavirus.html,651.0,1142.0,0.0,0.0
2020-08-19,14:30,ZH,0.0,5353,0.0,32.0,9.0,9.0,0.0,139.0,https://www.zh.ch/de/gesundheit/coronavirus.html,651.0,1142.0,0.0,0.0
2020-08-20,14:30,ZH,0.0,5428,0.0,30.0,10.0,8.0,0.0,139.0,https://www.zh.ch/de/gesundheit/coronavirus.html,514.0,934.0,4572.0,0.0
2020-08-21,14:30,ZH,0.0,5511,0.0,25.0,9.0,7.0,0.0,140.0,https://www.zh.ch/de/gesundheit/coronavirus.html,514.0,934.0,0.0,0.0
2020-08-22,14:30,ZH,0.0,5555,0.0,23.0,12.0,7.0,0.0,140.0,https://www.zh.ch/de/gesundheit/coronavirus.html,514.0,934.0,0.0,0.0
2020-08-23,14:30,ZH,0.0,5596,0.0,25.0,11.0,6.0,0.0,140.0,https://www.zh.ch/de/gesundheit/coronavirus.html,514.0,934.0,0.0,0.0
2020-08-24,14:30,ZH,0.0,5628,0.0,22.0,9.0,5.0,0.0,140.0,https://www.zh.ch/de/gesundheit/coronavirus.html,514.0,934.0,0.0,0.0
2020-08-25,14:30,ZH,0.0,5678,0.0,16.0,9.0,5.0,0.0,141.0,https://www.zh.ch/de/gesundheit/coronavirus.html,477.0,919.0,0.0,0.0
2020-08-26,14:30,ZH,0.0,5795,0.0,19.0,8.0,6.0,0.0,141.0,https://www.zh.ch/de/gesundheit/coronavirus.html,477.0,919.0,0.0,0.0
2020-08-27,14:30,ZH,0.0,5892,0.0,18.0,7.0,5.0,0.0,141.0,https://www.zh.ch/de/gesundheit/coronavirus.html,561.0,1062.0,3073.0,0.0
2020-08-28,14:30,ZH,0.0,5980,0.0,19.0,9.0,6.0,0.0,141.0,https://www.zh.ch/de/gesundheit/coronavirus.html,561.0,1062.0,0.0,0.0
2020-08-29,14:30,ZH,0.0,6043,0.0,19.0,8.0,5.0,0.0,141.0,https://www.zh.ch/de/gesundheit/coronavirus.html,561.0,1062.0,0.0,0.0
2020-08-30,14:30,ZH,0.0,6096,0.0,21.0,9.0,5.0,0.0,141.0,https://www.zh.ch/de/gesundheit/coronavirus.html,561.0,1062.0,0.0,0.0
2020-08-31,14:30,ZH,0.0,6116,0.0,22.0,8.0,6.0,0.0,142.0,https://www.zh.ch/de/gesundheit/coronavirus.html,561.0,1062.0,0.0,0.0
2020-09-01,14:30,ZH,0.0,6184,0.0,26.0,7.0,6.0,0.0,142.0,https://www.zh.ch/de/gesundheit/coronavirus.html,503.0,1074.0,0.0,0.0
2020-09-02,14:30,ZH,0.0,6276,0.0,27.0,11.0,7.0,0.0,142.0,https://www.zh.ch/de/gesundheit/coronavirus.html,503.0,1074.0,0.0,0.0
2020-09-03,14:30,ZH,0.0,6348,0.0,28.0,11.0,7.0,0.0,142.0,https://www.zh.ch/de/gesundheit/coronavirus.html,593.0,1378.0,2658.0,0.0
2020-09-04,14:30,ZH,0.0,6444,0.0,28.0,11.0,7.0,0.0,142.0,https://www.zh.ch/de/gesundheit/coronavirus.html,593.0,1378.0,0.0,0.0
2020-09-05,14:30,ZH,0.0,6522,0.0,30.0,13.0,8.0,0.0,142.0,https://www.zh.ch/de/gesundheit/coronavirus.html,593.0,1378.0,0.0,0.0
2020-09-06,14:30,ZH,0.0,6564,0.0,31.0,12.0,8.0,0.0,142.0,https://www.zh.ch/de/gesundheit/coronavirus.html,593.0,1378.0,0.0,0.0
2020-09-07,14:30,ZH,0.0,6607,0.0,34.0,12.0,8.0,0.0,142.0,https://www.zh.ch/de/gesundheit/coronavirus.html,593.0,1378.0,0.0,0.0
2020-09-08,14:30,ZH,0.0,6702,0.0,31.0,11.0,9.0,0.0,142.0,https://www.zh.ch/de/gesundheit/coronavirus.html,506.0,1043.0,0.0,0.0
2020-09-09,14:30,ZH,0.0,6763,0.0,29.0,10.0,8.0,0.0,143.0,https://www.zh.ch/de/gesundheit/coronavirus.html,506.0,1043.0,0.0,0.0
2020-09-10,14:30,ZH,0.0,6849,0.0,26.0,10.0,8.0,0.0,143.0,https://www.zh.ch/de/gesundheit/coronavirus.html,569.0,1066.0,2040.0,0.0
2020-09-11,14:30,ZH,0.0,6937,0.0,25.0,10.0,8.0,0.0,143.0,https://www.zh.ch/de/gesundheit/coronavirus.html,569.0,1066.0,0.0,0.0
2020-09-12,14:30,ZH,0.0,7013,0.0,22.0,10.0,8.0,0.0,144.0,https://www.zh.ch/de/gesundheit/coronavirus.html,569.0,1066.0,0.0,0.0
2020-09-13,14:30,ZH,0.0,7060,0.0,23.0,10.0,8.0,0.0,144.0,https://www.zh.ch/de/gesundheit/coronavirus.html,569.0,1066.0,0.0,0.0
2020-09-14,14:30,ZH,0.0,7079,0.0,25.0,10.0,9.0,0.0,145.0,https://www.zh.ch/de/gesundheit/coronavirus.html,569.0,1066.0,2295.0,0.0
2020-09-15,14:30,ZH,0.0,7130,0.0,28.0,10.0,9.0,0.0,145.0,https://www.zh.ch/de/gesundheit/coronavirus.html,548.0,1030.0,0.0,0.0
2020-09-16,14:30,ZH,0.0,7193,0.0,25.0,11.0,9.0,0.0,145.0,https://www.zh.ch/de/gesundheit/coronavirus.html,548.0,1030.0,0.0,0.0
2020-09-17,14:30,ZH,0.0,7278,0.0,27.0,11.0,9.0,0.0,145.0,https://www.zh.ch/de/gesundheit/coronavirus.html,568.0,1003.0,0.0,0.0
2020-09-18,14:30,ZH,0.0,7359,0.0,25.0,10.0,8.0,0.0,145.0,https://www.zh.ch/de/gesundheit/coronavirus.html,568.0,1003.0,0.0,0.0
2020-09-19,14:30,ZH,0.0,7402,0.0,23.0,12.0,8.0,0.0,145.0,https://www.zh.ch/de/gesundheit/coronavirus.html,0.0,0.0,0.0,0.0
2020-09-20,14:30,ZH,0.0,7456,0.0,27.0,11.0,8.0,0.0,145.0,https://www.zh.ch/de/gesundheit/coronavirus.html,0.0,0.0,0.0,0.0
2020-09-21,14:30,ZH,0.0,7497,0.0,23.0,8.0,6.0,0.0,145.0,https://www.zh.ch/de/gesundheit/coronavirus.html,568.0,1003.0,3622.0,0.0
2020-09-22,14:30,ZH,0.0,7541,0.0,26.0,8.0,6.0,0.0,145.0,https://www.zh.ch/de/gesundheit/coronavirus.html,477.0,999.0,0.0,0.0
2020-09-23,14:30,ZH,0.0,7602,0.0,28.0,9.0,6.0,0.0,145.0,https://www.zh.ch/de/gesundheit/coronavirus.html,477.0,999.0,0.0,0.0
2020-09-24,14:30,ZH,0.0,7663,0.0,29.0,11.0,7.0,0.0,145.0,https://www.zh.ch/de/gesundheit/coronavirus.html,475.0,897.0,0.0,0.0
2020-09-25,14:30,ZH,0.0,7730,0.0,33.0,10.0,8.0,0.0,146.0,https://www.zh.ch/de/gesundheit/coronavirus.html,475.0,897.0,0.0,0.0
2020-09-26,14:30,ZH,0.0,7806,0.0,32.0,11.0,8.0,0.0,146.0,https://www.zh.ch/de/gesundheit/coronavirus.html,0.0,0.0,0.0,0.0
2020-09-27,14:30,ZH,0.0,7837,0.0,32.0,11.0,8.0,0.0,146.0,https://www.zh.ch/de/gesundheit/coronavirus.html,0.0,0.0,0.0,0.0
2020-09-28,14:30,ZH,0.0,7856,0.0,34.0,11.0,8.0,0.0,147.0,https://www.zh.ch/de/gesundheit/coronavirus.html,475.0,897.0,3160.0,0.0
2020-09-29,14:30,ZH,0.0,7917,0.0,31.0,12.0,8.0,0.0,147.0,https://www.zh.ch/de/gesundheit/coronavirus.html,415.0,758.0,0.0,0.0
2020-09-30,14:30,ZH,0.0,8052,0.0,31.0,11.0,9.0,0.0,147.0,https://www.zh.ch/de/gesundheit/coronavirus.html,415.0,758.0,0.0,0.0
2020-10-01,14:30,ZH,0.0,8149,0.0,28.0,10.0,9.0,0.0,147.0,https://www.zh.ch/de/gesundheit/coronavirus.html,526.0,944.0,0.0,0.0
2020-10-02,14:30,ZH,0.0,8281,0.0,31.0,8.0,8.0,0.0,147.0,https://www.zh.ch/de/gesundheit/coronavirus.html,526.0,944.0,0.0,0.0
2020-10-03,14:30,ZH,0.0,8380,0.0,32.0,8.0,8.0,0.0,147.0,https://www.zh.ch/de/gesundheit/coronavirus.html,0.0,0.0,0.0,0.0
2020-10-04,14:30,ZH,0.0,8580,0.0,32.0,8.0,8.0,0.0,147.0,https://www.zh.ch/de/gesundheit/coronavirus.html,0.0,0.0,0.0,0.0
2020-10-05,14:30,ZH,0.0,8621,0.0,31.0,8.0,7.0,0.0,147.0,https://www.zh.ch/de/gesundheit/coronavirus.html,526.0,944.0,4097.0,0.0
2020-10-06,14:30,ZH,0.0,8781,0.0,26.0,6.0,5.0,0.0,148.0,https://www.zh.ch/de/gesundheit/coronavirus.html,825.0,2485.0,0.0,0.0
2020-10-07,14:30,ZH,0.0,8964,0.0,23.0,6.0,4.0,0.0,148.0,https://www.zh.ch/de/gesundheit/coronavirus.html,825.0,2485.0,0.0,0.0
2020-10-08,14:30,ZH,0.0,9112,0.0,24.0,6.0,4.0,0.0,148.0,https://www.zh.ch/de/gesundheit/coronavirus.html,1081.0,2967.0,0.0,0.0
2020-10-09,14:30,ZH,0.0,9347,0.0,36.0,5.0,4.0,0.0,148.0,https://www.zh.ch/de/gesundheit/coronavirus.html,1081.0,2967.0,0.0,0.0
2020-10-10,14:30,ZH,0.0,9616,0.0,42.0,6.0,4.0,0.0,149.0,https://www.zh.ch/de/gesundheit/coronavirus.html,0.0,0.0,0.0,0.0
2020-10-11,14:30,ZH,0.0,9826,0.0,50.0,7.0,4.0,0.0,149.0,https://www.zh.ch/de/gesundheit/coronavirus.html,0.0,0.0,0.0,0.0
2020-10-12,14:30,ZH,0.0,10000,0.0,51.0,9.0,7.0,0.0,149.0,https://www.zh.ch/de/gesundheit/coronavirus.html,1081.0,2967.0,4097.0,0.0
2020-10-13,14:30,ZH,0.0,10232,0.0,45.0,7.0,6.0,0.0,149.0,https://www.zh.ch/de/gesundheit/coronavirus.html,1081.0,2967.0,0.0,0.0
2020-10-14,14:30,ZH,0.0,10460,0.0,47.0,9.0,7.0,0.0,150.0,https://www.zh.ch/de/gesundheit/coronavirus.html,1553.0,3265.0,0.0,0.0
2020-10-15,14:30,ZH,0.0,10801,0.0,47.0,9.0,7.0,0.0,151.0,https://www.zh.ch/de/gesundheit/coronavirus.html,1780.0,3822.0,0.0,0.0
2020-10-16,14:30,ZH,0.0,11515,0.0,62.0,10.0,7.0,0.0,152.0,https://www.zh.ch/de/gesundheit/coronavirus.html,1780.0,3822.0,0.0,0.0
2020-10-17,14:30,ZH,0.0,12055,0.0,60.0,8.0,6.0,0.0,153.0,https://www.zh.ch/de/gesundheit/coronavirus.html,0.0,0.0,0.0,0.0
2020-10-18,14:30,ZH,0.0,12582,0.0,71.0,10.0,6.0,0.0,153.0,https://www.zh.ch/de/gesundheit/coronavirus.html,0.0,0.0,0.0,0.0
2020-10-19,14:30,ZH,0.0,12789,0.0,84.0,10.0,5.0,0.0,155.0,https://www.zh.ch/de/gesundheit/coronavirus.html,1780.0,3822.0,5534.0,0.0
2020-10-20,14:30,ZH,0.0,13117,0.0,90.0,12.0,6.0,0.0,156.0,https://www.zh.ch/de/gesundheit/coronavirus.html,3252.0,7111.0,0.0,0.0
2020-10-21,14:30,ZH,0.0,14106,0.0,99.0,13.0,8.0,0.0,157.0,https://www.zh.ch/de/gesundheit/coronavirus.html,3252.0,7111.0,0.0,0.0
2020-10-22,14:30,ZH,0.0,14884,0.0,101.0,15.0,10.0,0.0,157.0,https://www.zh.ch/de/gesundheit/coronavirus.html,4291.0,8582.0,0.0,0.0
2020-10-23,14:30,ZH,0.0,15575,0.0,112.0,20.0,13.0,0.0,157.0,https://www.zh.ch/de/gesundheit/coronavirus.html,4291.0,8582.0,0.0,0.0
2020-10-24,14:30,ZH,0.0,16332,0.0,130.0,21.0,16.0,0.0,158.0,https://www.zh.ch/de/gesundheit/coronavirus.html,0.0,0.0,0.0,0.0
2020-10-25,14:30,ZH,0.0,17403,0.0,159.0,22.0,14.0,0.0,158.0,https://www.zh.ch/de/gesundheit/coronavirus.html,0.0,0.0,0.0,0.0
2020-10-26,14:30,ZH,0.0,17883,0.0,180.0,22.0,16.0,0.0,163.0,https://www.zh.ch/de/gesundheit/coronavirus.html,4291.0,8582.0,5029.0,0.0
2020-10-27,14:30,ZH,0.0,18582,0.0,200.0,26.0,19.0,0.0,164.0,https://www.zh.ch/de/gesundheit/coronavirus.html,5907.0,0.0,0.0,0.0
2020-10-28,14:30,ZH,0.0,19609,0.0,201.0,24.0,17.0,0.0,165.0,https://www.zh.ch/de/gesundheit/coronavirus.html,5907.0,0.0,0.0,0.0
2020-10-29,14:30,ZH,0.0,20974,0.0,221.0,26.0,21.0,0.0,169.0,https://www.zh.ch/de/gesundheit/coronavirus.html,6880.0,0.0,0.0,0.0
2020-10-30,14:30,ZH,0.0,21996,0.0,239.0,31.0,22.0,0.0,181.0,https://www.zh.ch/de/gesundheit/coronavirus.html,6880.0,0.0,0.0,0.0
2020-10-31,14:30,ZH,0.0,23052,0.0,237.0,39.0,26.0,0.0,183.0,https://www.zh.ch/de/gesundheit/coronavirus.html,0.0,0.0,0.0,0.0
2020-11-01,14:30,ZH,0.0,23954,0.0,258.0,38.0,31.0,0.0,183.0,https://www.zh.ch/de/gesundheit/coronavirus.html,0.0,0.0,0.0,0.0
2020-11-02,14:30,ZH,0.0,24385,0.0,286.0,41.0,32.0,0.0,187.0,https://www.zh.ch/de/gesundheit/coronavirus.html,6880.0,0.0,1980.0,0.0
2020-11-03,14:30,ZH,0.0,24850,0.0,324.0,48.0,32.0,0.0,192.0,https://www.zh.ch/de/gesundheit/coronavirus.html,8011.0,0.0,0.0,0.0
2020-11-04,14:30,ZH,0.0,25951,0.0,336.0,52.0,33.0,0.0,198.0,https://www.zh.ch/de/gesundheit/coronavirus.html,8011.0,0.0,0.0,0.0
2020-11-05,14:30,ZH,0.0,27152,0.0,326.0,52.0,39.0,0.0,206.0,https://www.zh.ch/de/gesundheit/coronavirus.html,8473.0,0.0,0.0,0.0
2020-11-06,14:30,ZH,0.0,28794,0.0,330.0,55.0,44.0,0.0,210.0,https://www.zh.ch/de/gesundheit/coronavirus.html,8473.0,0.0,0.0,0.0
2020-11-07,14:30,ZH,0.0,29237,0.0,323.0,60.0,43.0,0.0,212.0,https://www.zh.ch/de/gesundheit/coronavirus.html,0.0,0.0,0.0,0.0
2020-11-08,14:30,ZH,0.0,30099,0.0,332.0,64.0,46.0,0.0,212.0,https://www.zh.ch/de/gesundheit/coronavirus.html,0.0,0.0,0.0,0.0
2020-11-09,14:30,ZH,0.0,30573,0.0,359.0,69.0,46.0,0.0,226.0,https://www.zh.ch/de/gesundheit/coronavirus.html,8473.0,0.0,102.0,0.0
2020-11-10,14:30,ZH,0.0,31288,0.0,380.0,65.0,47.0,0.0,232.0,https://www.zh.ch/de/gesundheit/coronavirus.html,8166.0,0.0,0.0,0.0
2020-11-11,14:30,ZH,0.0,32300,0.0,374.0,66.0,47.0,0.0,236.0,https://www.zh.ch/de/gesundheit/coronavirus.html,8166.0,0.0,0.0,0.0
2020-11-12,14:30,ZH,0.0,33113,0.0,361.0,67.0,47.0,0.0,247.0,https://www.zh.ch/de/gesundheit/coronavirus.html,8642.0,0.0,0.0,0.0
2020-11-13,14:30,ZH,0.0,33893,0.0,360.0,66.0,47.0,0.0,254.0,https://www.zh.ch/de/gesundheit/coronavirus.html,8642.0,0.0,0.0,0.0
2020-11-14,14:30,ZH,0.0,34615,0.0,339.0,73.0,49.0,0.0,258.0,https://www.zh.ch/de/gesundheit/coronavirus.html,0.0,0.0,0.0,0.0
2020-11-15,14:30,ZH,0.0,35218,0.0,347.0,75.0,52.0,0.0,258.0,https://www.zh.ch/de/gesundheit/coronavirus.html,0.0,0.0,0.0,0.0
2020-11-16,14:30,ZH,0.0,35590,0.0,375.0,69.0,50.0,0.0,264.0,https://www.zh.ch/de/gesundheit/coronavirus.html,8642.0,0.0,0.0,0.0
2020-11-17,14:30,ZH,0.0,36456,0.0,379.0,69.0,51.0,0.0,281.0,https://www.zh.ch/de/gesundheit/coronavirus.html,6565.0,0.0,0.0,0.0
2020-11-18,14:30,ZH,0.0,37424,0.0,392.0,69.0,51.0,0.0,294.0,https://www.zh.ch/de/gesundheit/coronavirus.html,6565.0,0.0,0.0,0.0
2020-11-19,14:30,ZH,0.0,38206,0.0,372.0,65.0,44.0,0.0,302.0,https://www.zh.ch/de/gesundheit/coronavirus.html,7217.0,0.0,0.0,0.0
2020-11-20,14:30,ZH,0.0,38931,0.0,371.0,70.0,47.0,0.0,308.0,https://www.zh.ch/de/gesundheit/coronavirus.html,7217.0,0.0,0.0,0.0
2020-11-21,14:30,ZH,0.0,39658,0.0,370.0,72.0,48.0,0.0,308.0,https://www.zh.ch/de/gesundheit/coronavirus.html,0.0,0.0,0.0,0.0
2020-11-22,14:30,ZH,0.0,40008,0.0,376.0,72.0,48.0,0.0,308.0,https://www.zh.ch/de/gesundheit/coronavirus.html,0.0,0.0,0.0,0.0
2020-11-23,14:30,ZH,0.0,40329,0.0,400.0,68.0,44.0,0.0,336.0,https://www.zh.ch/de/gesundheit/coronavirus.html,7217.0,0.0,0.0,0.0
2020-11-24,14:30,ZH,0.0,41124,0.0,395.0,73.0,46.0,0.0,343.0,https://www.zh.ch/de/gesundheit/coronavirus.html,5683.0,9888.0,0.0,0.0
2020-11-25,14:30,ZH,0.0,41940,0.0,389.0,68.0,50.0,0.0,343.0,https://www.zh.ch/de/gesundheit/coronavirus.html,5683.0,9888.0,0.0,0.0
2020-11-26,14:30,ZH,0.0,42604,0.0,397.0,73.0,49.0,0.0,373.0,https://www.zh.ch/de/gesundheit/coronavirus.html,5683.0,9888.0,0.0,0.0
2020-11-27,14:30,ZH,0.0,43365,0.0,389.0,72.0,54.0,0.0,382.0,https://www.zh.ch/de/gesundheit/coronavirus.html,5683.0,9888.0,0.0,0.0
2020-11-28,14:30,ZH,0.0,44095,0.0,369.0,78.0,52.0,0.0,382.0,https://www.zh.ch/de/gesundheit/coronavirus.html,0.0,0.0,0.0,0.0
2020-11-29,14:30,ZH,0.0,44513,0.0,397.0,77.0,54.0,0.0,382.0,https://www.zh.ch/de/gesundheit/coronavirus.html,0.0,0.0,0.0,0.0
2020-11-30,14:30,ZH,0.0,44886,0.0,410.0,84.0,57.0,0.0,402.0,https://www.zh.ch/de/gesundheit/coronavirus.html,5683.0,9888.0,0.0,0.0
2020-12-01,14:30,ZH,0.0,45663,0.0,393.0,87.0,62.0,0.0,416.0,https://www.zh.ch/de/gesundheit/coronavirus.html,5269.0,0.0,0.0,0.0
2020-12-02,14:30,ZH,0.0,46603,0.0,400.0,89.0,66.0,0.0,423.0,https://www.zh.ch/de/gesundheit/coronavirus.html,5269.0,0.0,0.0,0.0
2020-12-03,14:30,ZH,0.0,47369,0.0,397.0,92.0,60.0,0.0,444.0,https://www.zh.ch/de/gesundheit/coronavirus.html,6112.0,0.0,0.0,0.0
2020-12-04,14:30,ZH,0.0,48340,0.0,393.0,85.0,64.0,0.0,459.0,https://www.zh.ch/de/gesundheit/coronavirus.html,6112.0,0.0,0.0,0.0
2020-12-05,14:30,ZH,0.0,49134,0.0,411.0,85.0,63.0,0.0,459.0,https://www.zh.ch/de/gesundheit/coronavirus.html,0.0,0.0,0.0,0.0
2020-12-06,14:30,ZH,0.0,49588,0.0,430.0,80.0,60.0,0.0,459.0,https://www.zh.ch/de/gesundheit/coronavirus.html,0.0,0.0,0.0,0.0
2020-12-07,14:30,ZH,0.0,50095,0.0,456.0,80.0,63.0,0.0,485.0,https://www.zh.ch/de/gesundheit/coronavirus.html,6112.0,0.0,0.0,0.0
2020-12-08,14:30,ZH,0.0,51103,0.0,491.0,87.0,64.0,0.0,511.0,https://www.zh.ch/de/gesundheit/coronavirus.html,5753.0,0.0,0.0,0.0
2020-12-09,14:30,ZH,0.0,52154,0.0,478.0,84.0,65.0,0.0,529.0,https://www.zh.ch/de/gesundheit/coronavirus.html,5753.0,0.0,0.0,0.0
2020-12-10,14:30,ZH,0.0,53083,0.0,475.0,90.0,68.0,0.0,549.0,https://www.zh.ch/de/gesundheit/coronavirus.html,6921.0,0.0,0.0,0.0
2020-12-11,14:30,ZH,0.0,54120,0.0,483.0,93.0,71.0,0.0,566.0,https://www.zh.ch/de/gesundheit/coronavirus.html,6921.0,15121.0,0.0,0.0
2020-12-12,14:30,ZH,0.0,54880,0.0,489.0,91.0,64.0,0.0,566.0,https://www.zh.ch/de/gesundheit/coronavirus.html,0.0,0.0,0.0,0.0
2020-12-13,14:30,ZH,0.0,55526,0.0,517.0,99.0,66.0,0.0,566.0,https://www.zh.ch/de/gesundheit/coronavirus.html,0.0,0.0,0.0,0.0
2020-12-14,14:30,ZH,0.0,56028,0.0,535.0,97.0,71.0,0.0,607.0,https://www.zh.ch/de/gesundheit/coronavirus.html,6921.0,15121.0,0.0,0.0
2020-12-15,14:30,ZH,0.0,57030,0.0,521.0,98.0,71.0,0.0,625.0,https://www.zh.ch/de/gesundheit/coronavirus.html,6516.0,14545.0,0.0,0.0
2020-12-16,14:30,ZH,0.0,57966,0.0,518.0,107.0,73.0,0.0,649.0,https://www.zh.ch/de/gesundheit/coronavirus.html,6516.0,0.0,0.0,0.0
2020-12-17,14:30,ZH,0.0,59068,0.0,521.0,103.0,73.0,0.0,666.0,https://www.zh.ch/de/gesundheit/coronavirus.html,7172.0,0.0,0.0,0.0
2020-12-18,14:30,ZH,0.0,59888,0.0,488.0,99.0,73.0,0.0,678.0,https://www.zh.ch/de/gesundheit/coronavirus.html,7172.0,0.0,0.0,0.0
2020-12-19,14:30,ZH,0.0,60701,0.0,493.0,97.0,66.0,0.0,678.0,https://www.zh.ch/de/gesundheit/coronavirus.html,0.0,0.0,0.0,0.0
2020-12-20,14:30,ZH,0.0,61281,0.0,520.0,96.0,69.0,0.0,678.0,https://www.zh.ch/de/gesundheit/coronavirus.html,0.0,0.0,0.0,0.0
2020-12-21,14:30,ZH,0.0,61754,0.0,538.0,98.0,70.0,0.0,707.0,https://www.zh.ch/de/gesundheit/coronavirus.html,7172.0,15459.0,0.0,0.0
2020-12-22,14:30,ZH,0.0,62733,0.0,508.0,101.0,72.0,0.0,746.0,https://www.zh.ch/de/gesundheit/coronavirus.html,6446.0,0.0,0.0,0.0
2020-12-23,14:30,ZH,0.0,63939,0.0,498.0,104.0,73.0,0.0,772.0,https://www.zh.ch/de/gesundheit/coronavirus.html,6446.0,0.0,0.0,0.0
2020-12-24,14:30,ZH,0.0,64933,0.0,499.0,98.0,70.0,0.0,794.0,https://www.zh.ch/de/gesundheit/coronavirus.html,6446.0,0.0,0.0,0.0
2020-12-25,14:30,ZH,0.0,65562,0.0,499.0,98.0,70.0,0.0,794.0,https://www.zh.ch/de/gesundheit/coronavirus.html,0.0,0.0,0.0,0.0
2020-12-26,14:30,ZH,0.0,65924,0.0,480.0,106.0,79.0,0.0,794.0,https://www.zh.ch/de/gesundheit/coronavirus.html,0.0,0.0,0.0,0.0
2020-12-27,14:30,ZH,0.0,66388,0.0,494.0,103.0,75.0,0.0,794.0,https://www.zh.ch/de/gesundheit/coronavirus.html,0.0,0.0,0.0,0.0
2020-12-28,14:30,ZH,0.0,66920,0.0,498.0,100.0,67.0,0.0,848.0,https://www.zh.ch/de/gesundheit/coronavirus.html,6446.0,14737.0,0.0,0.0
2020-12-29,14:30,ZH,0.0,67877,0.0,514.0,105.0,71.0,0.0,862.0,https://www.zh.ch/de/gesundheit/coronavirus.html,5514.0,11430.0,0.0,0.0
2020-12-30,14:30,ZH,0.0,68777,0.0,492.0,97.0,69.0,0.0,886.0,https://www.zh.ch/de/gesundheit/coronavirus.html,5514.0,11430.0,0.0,0.0
2020-12-31,14:30,ZH,0.0,69683,0.0,465.0,96.0,68.0,0.0,900.0,https://www.zh.ch/de/gesundheit/coronavirus.html,5514.0,11430.0,0.0,0.0
2021-01-01,14:30,ZH,0.0,70233,0.0,445.0,96.0,62.0,0.0,900.0,https://www.zh.ch/de/gesundheit/coronavirus.html,0.0,0.0,0.0,0.0
2021-01-02,14:30,ZH,0.0,70610,0.0,455.0,101.0,67.0,0.0,900.0,https://www.zh.ch/de/gesundheit/coronavirus.html,0.0,0.0,0.0,0.0
2021-01-03,14:30,ZH,0.0,71098,0.0,479.0,98.0,69.0,0.0,900.0,https://www.zh.ch/de/gesundheit/coronavirus.html,0.0,0.0,0.0,0.0
2021-01-04,14:30,ZH,0.0,71645,0.0,484.0,102.0,65.0,0.0,931.0,https://www.zh.ch/de/gesundheit/coronavirus.html,5514.0,11430.0,0.0,0.0
2021-01-05,14:30,ZH,0.0,72522,0.0,491.0,104.0,69.0,0.0,946.0,https://www.zh.ch/de/gesundheit/coronavirus.html,5204.0,10749.0,0.0,0.0
2021-01-06,14:30,ZH,0.0,73364,0.0,480.0,99.0,67.0,0.0,971.0,https://www.zh.ch/de/gesundheit/coronavirus.html,5204.0,10749.0,0.0,0.0
2021-01-07,14:30,ZH,0.0,73966,0.0,442.0,89.0,63.0,0.0,984.0,https://www.zh.ch/de/gesundheit/coronavirus.html,5594.0,10424.0,0.0,0.0
2021-01-08,14:30,ZH,0.0,74639,0.0,417.0,89.0,63.0,0.0,989.0,https://www.zh.ch/de/gesundheit/coronavirus.html,5594.0,10424.0,0.0,0.0
2021-01-09,14:30,ZH,0.0,75155,0.0,380.0,86.0,60.0,0.0,989.0,https://www.zh.ch/de/gesundheit/coronavirus.html,0.0,0.0,0.0,0.0
2021-01-10,14:30,ZH,0.0,75387,0.0,376.0,87.0,58.0,0.0,989.0,https://www.zh.ch/de/gesundheit/coronavirus.html,0.0,0.0,0.0,0.0
2021-01-11,14:30,ZH,0.0,75685,0.0,401.0,87.0,57.0,0.0,1006.0,https://www.zh.ch/de/gesundheit/coronavirus.html,5594.0,10424.0,0.0,0.0
2021-01-12,14:30,ZH,0.0,76272,0.0,393.0,79.0,56.0,0.0,1023.0,https://www.zh.ch/de/gesundheit/coronavirus.html,4430.0,8079.0,0.0,0.0
2021-01-13,14:30,ZH,0.0,76789,0.0,381.0,76.0,54.0,0.0,1033.0,https://www.zh.ch/de/gesundheit/coronavirus.html,4430.0,8079.0,0.0,0.0
2021-01-14,14:30,ZH,0.0,77210,0.0,349.0,75.0,58.0,0.0,1040.0,https://www.zh.ch/de/gesundheit/coronavirus.html,4249.0,7459.0,0.0,0.0
2021-01-15,14:30,ZH,0.0,77569,0.0,336.0,79.0,60.0,0.0,1048.0,https://www.zh.ch/de/gesundheit/coronavirus.html,4249.0,7459.0,0.0,0.0
2021-01-16,14:30,ZH,0.0,77916,0.0,301.0,75.0,56.0,0.0,1048.0,https://www.zh.ch/de/gesundheit/coronavirus.html,0.0,0.0,0.0,0.0
2021-01-17,14:30,ZH,0.0,78136,0.0,299.0,71.0,56.0,0.0,1048.0,https://www.zh.ch/de/gesundheit/coronavirus.html,0.0,0.0,0.0,0.0
2021-01-18,14:30,ZH,0.0,78346,0.0,311.0,71.0,54.0,0.0,1079.0,https://www.zh.ch/de/gesundheit/coronavirus.html,4249.0,7459.0,0.0,0.0
2021-01-19,14:30,ZH,0.0,78773,0.0,311.0,72.0,54.0,0.0,1087.0,https://www.zh.ch/de/gesundheit/coronavirus.html,2986.0,5872.0,0.0,0.0
2021-01-20,14:30,ZH,0.0,79227,0.0,309.0,70.0,56.0,0.0,1101.0,https://www.zh.ch/de/gesundheit/coronavirus.html,2986.0,5872.0,0.0,0.0
2021-01-21,14:30,ZH,0.0,79543,0.0,298.0,69.0,51.0,0.0,1109.0,https://www.zh.ch/de/gesundheit/coronavirus.html,2986.0,5872.0,0.0,0.0
2021-01-22,14:30,ZH,0.0,79989,0.0,262.0,69.0,53.0,0.0,1116.0,https://www.zh.ch/de/gesundheit/coronavirus.html,3115.0,6508.0,0.0,0.0
2021-01-23,14:30,ZH,0.0,80335,0.0,256.0,70.0,52.0,0.0,1116.0,https://www.zh.ch/de/gesundheit/coronavirus.html,0.0,0.0,0.0,0.0
2021-01-24,14:30,ZH,0.0,80535,0.0,252.0,68.0,52.0,0.0,1116.0,https://www.zh.ch/de/gesundheit/coronavirus.html,0.0,0.0,0.0,0.0
2021-01-25,14:30,ZH,0.0,80731,0.0,258.0,67.0,51.0,0.0,1144.0,https://www.zh.ch/de/gesundheit/coronavirus.html,3115.0,6508.0,0.0,0.0
2021-01-26,14:30,ZH,0.0,81062,0.0,239.0,62.0,42.0,0.0,1152.0,https://www.zh.ch/de/gesundheit/coronavirus.html,2677.0,3822.0,0.0,0.0
2021-01-27,14:30,ZH,0.0,81432,0.0,236.0,61.0,43.0,0.0,1163.0,https://www.zh.ch/de/gesundheit/coronavirus.html,2677.0,3822.0,0.0,0.0
2021-01-28,14:30,ZH,0.0,81786,0.0,241.0,67.0,40.0,0.0,1168.0,https://www.zh.ch/de/gesundheit/coronavirus.html,2805.0,4134.0,0.0,0.0
2021-01-29,14:30,ZH,0.0,82101,0.0,222.0,60.0,36.0,0.0,1171.0,https://www.zh.ch/de/gesundheit/coronavirus.html,2805.0,4134.0,0.0,0.0
2021-01-30,14:30,ZH,0.0,82350,0.0,216.0,55.0,36.0,0.0,1171.0,https://www.zh.ch/de/gesundheit/coronavirus.html,0.0,0.0,0.0,0.0
2021-01-31,14:30,ZH,0.0,82521,0.0,229.0,58.0,33.0,0.0,1171.0,https://www.zh.ch/de/gesundheit/coronavirus.html,0.0,0.0,0.0,0.0
2021-02-01,14:30,ZH,0.0,82670,0.0,235.0,51.0,36.0,0.0,1183.0,https://www.zh.ch/de/gesundheit/coronavirus.html,2805.0,4134.0,0.0,0.0
2021-02-02,14:30,ZH,0.0,82998,0.0,230.0,54.0,36.0,0.0,1187.0,https://www.zh.ch/de/gesundheit/coronavirus.html,2157.0,4202.0,0.0,0.0
2021-02-03,14:30,ZH,0.0,83273,0.0,221.0,52.0,36.0,0.0,1199.0,https://www.zh.ch/de/gesundheit/coronavirus.html,2157.0,4202.0,0.0,0.0
2021-02-04,14:30,ZH,0.0,83544,0.0,207.0,50.0,39.0,0.0,1200.0,https://www.zh.ch/de/gesundheit/coronavirus.html,2296.0,5469.0,0.0,0.0
2021-02-05,14:30,ZH,0.0,83796,0.0,208.0,49.0,36.0,0.0,1205.0,https://www.zh.ch/de/gesundheit/coronavirus.html,2296.0,5469.0,0.0,0.0
2021-02-06,14:30,ZH,0.0,84016,0.0,200.0,48.0,38.0,0.0,1205.0,https://www.zh.ch/de/gesundheit/coronavirus.html,0.0,0.0,0.0,0.0
2021-02-07,14:30,ZH,0.0,84146,0.0,215.0,52.0,38.0,0.0,1205.0,https://www.zh.ch/de/gesundheit/coronavirus.html,0.0,0.0,0.0,0.0
2021-02-08,14:30,ZH,0.0,84281,0.0,221.0,50.0,40.0,0.0,1219.0,https://www.zh.ch/de/gesundheit/coronavirus.html,2296.0,5469.0,0.0,0.0
2021-02-09,14:30,ZH,0.0,84581,0.0,203.0,45.0,36.0,0.0,1226.0,https://www.zh.ch/de/gesundheit/coronavirus.html,1834.0,4550.0,0.0,0.0
2021-02-10,14:30,ZH,0.0,84831,0.0,203.0,49.0,34.0,0.0,1232.0,https://www.zh.ch/de/gesundheit/coronavirus.html,1834.0,4550.0,0.0,0.0
2021-02-11,14:30,ZH,0.0,85037,0.0,180.0,47.0,39.0,0.0,1237.0,https://www.zh.ch/de/gesundheit/coronavirus.html,1942.0,4954.0,0.0,0.0
2021-02-12,14:30,ZH,0.0,85212,0.0,176.0,46.0,39.0,0.0,1238.0,https://www.zh.ch/de/gesundheit/coronavirus.html,1942.0,4954.0,0.0,0.0
2021-02-13,14:30,ZH,0.0,85415,0.0,165.0,43.0,39.0,0.0,1238.0,https://www.zh.ch/de/gesundheit/coronavirus.html,0.0,0.0,0.0,0.0
2021-02-14,14:30,ZH,0.0,85479,0.0,157.0,38.0,32.0,0.0,1238.0,https://www.zh.ch/de/gesundheit/coronavirus.html,0.0,0.0,0.0,0.0
2021-02-15,14:30,ZH,0.0,85585,0.0,157.0,41.0,30.0,0.0,1244.0,https://www.zh.ch/de/gesundheit/coronavirus.html,1942.0,4954.0,0.0,0.0
2021-02-16,14:30,ZH,0.0,85776,0.0,151.0,40.0,29.0,0.0,1250.0,https://www.zh.ch/de/gesundheit/coronavirus.html,1439.0,3369.0,0.0,0.0
2021-02-17,14:30,ZH,0.0,85955,0.0,147.0,37.0,30.0,0.0,1255.0,https://www.zh.ch/de/gesundheit/coronavirus.html,1439.0,3369.0,0.0,0.0
2021-02-18,14:30,ZH,0.0,86142,0.0,153.0,40.0,27.0,0.0,1259.0,https://www.zh.ch/de/gesundheit/coronavirus.html,1457.0,3479.0,0.0,0.0
2021-02-19,14:30,ZH,0.0,86315,0.0,151.0,40.0,24.0,0.0,1260.0,https://www.zh.ch/de/gesundheit/coronavirus.html,1457.0,3479.0,0.0,0.0
2021-02-20,14:30,ZH,0.0,86464,0.0,145.0,38.0,22.0,0.0,1260.0,https://www.zh.ch/de/gesundheit/coronavirus.html,0.0,0.0,0.0,0.0
2021-02-21,14:30,ZH,0.0,86572,0.0,140.0,35.0,21.0,0.0,1260.0,https://www.zh.ch/de/gesundheit/coronavirus.html,0.0,0.0,0.0,0.0
2021-02-22,14:30,ZH,0.0,86652,0.0,148.0,31.0,15.0,0.0,1265.0,https://www.zh.ch/de/gesundheit/coronavirus.html,1457.0,3479.0,0.0,0.0
2021-02-23,14:30,ZH,0.0,86845,0.0,130.0,29.0,16.0,0.0,1269.0,https://www.zh.ch/de/gesundheit/coronavirus.html,1167.0,2602.0,0.0,0.0
2021-02-24,14:30,ZH,0.0,87013,0.0,122.0,29.0,14.0,0.0,1270.0,https://www.zh.ch/de/gesundheit/coronavirus.html,1167.0,2602.0,0.0,0.0
2021-02-25,14:30,ZH,0.0,87173,0.0,126.0,31.0,15.0,0.0,1272.0,https://www.zh.ch/de/gesundheit/coronavirus.html,1326.0,3232.0,0.0,0.0
2021-02-26,14:30,ZH,0.0,87319,0.0,126.0,31.0,16.0,0.0,1272.0,https://www.zh.ch/de/gesundheit/coronavirus.html,1326.0,3232.0,0.0,0.0
2021-02-27,14:30,ZH,0.0,87463,0.0,132.0,27.0,14.0,0.0,1272.0,https://www.zh.ch/de/gesundheit/coronavirus.html,0.0,0.0,0.0,0.0
2021-02-28,14:30,ZH,0.0,87545,0.0,126.0,25.0,11.0,0.0,1272.0,https://www.zh.ch/de/gesundheit/coronavirus.html,0.0,0.0,0.0,0.0
2021-03-01,14:30,ZH,0.0,87650,0.0,121.0,24.0,11.0,0.0,1275.0,https://www.zh.ch/de/gesundheit/coronavirus.html,1326.0,3232.0,0.0,0.0
2021-03-02,14:30,ZH,0.0,87840,0.0,134.0,28.0,10.0,0.0,1279.0,https://www.zh.ch/de/gesundheit/coronavirus.html,1116.0,2660.0,0.0,0.0
2021-03-03,14:30,ZH,0.0,87976,0.0,137.0,24.0,10.0,0.0,1279.0,https://www.zh.ch/de/gesundheit/coronavirus.html,1116.0,2660.0,0.0,0.0
2021-03-04,14:30,ZH,0.0,88203,0.0,138.0,27.0,10.0,0.0,1279.0,https://www.zh.ch/de/gesundheit/coronavirus.html,1230.0,2816.0,0.0,0.0
2021-03-05,14:30,ZH,0.0,88378,0.0,147.0,28.0,8.0,0.0,1283.0,https://www.zh.ch/de/gesundheit/coronavirus.html,1230.0,2816.0,0.0,0.0
2021-03-06,14:30,ZH,0.0,88597,0.0,143.0,24.0,12.0,0.0,1283.0,https://www.zh.ch/de/gesundheit/coronavirus.html,0.0,0.0,0.0,0.0
2021-03-07,14:30,ZH,0.0,88702,0.0,142.0,24.0,10.0,0.0,1283.0,https://www.zh.ch/de/gesundheit/coronavirus.html,0.0,0.0,0.0,0.0
2021-03-08,14:30,ZH,0.0,88821,0.0,143.0,24.0,12.0,0.0,1287.0,https://www.zh.ch/de/gesundheit/coronavirus.html,1230.0,2816.0,0.0,0.0
2021-03-09,14:30,ZH,0.0,89089,0.0,146.0,27.0,12.0,0.0,1289.0,https://www.zh.ch/de/gesundheit/coronavirus.html,1336.0,3397.0,0.0,0.0
2021-03-10,14:30,ZH,0.0,89332,0.0,136.0,23.0,15.0,0.0,1290.0,https://www.zh.ch/de/gesundheit/coronavirus.html,1336.0,3397.0,0.0,0.0
2021-03-11,14:30,ZH,0.0,89572,0.0,136.0,26.0,17.0,0.0,1290.0,https://www.zh.ch/de/gesundheit/coronavirus.html,1601.0,4195.0,0.0,0.0
2021-03-12,14:30,ZH,0.0,89766,0.0,119.0,23.0,17.0,0.0,1291.0,https://www.zh.ch/de/gesundheit/coronavirus.html,1601.0,4195.0,0.0,0.0
2021-03-13,14:30,ZH,0.0,89973,0.0,127.0,26.0,18.0,0.0,1291.0,https://www.zh.ch/de/gesundheit/coronavirus.html,0.0,0.0,0.0,0.0
2021-03-14,14:30,ZH,0.0,90132,0.0,128.0,22.0,16.0,0.0,1291.0,https://www.zh.ch/de/gesundheit/coronavirus.html,0.0,0.0,0.0,0.0
2021-03-15,14:30,ZH,0.0,90306,0.0,138.0,23.0,17.0,0.0,1294.0,https://www.zh.ch/de/gesundheit/coronavirus.html,1601.0,4195.0,0.0,0.0
2021-03-16,14:30,ZH,0.0,90614,0.0,141.0,22.0,17.0,0.0,1303.0,https://www.zh.ch/de/gesundheit/coronavirus.html,1638.0,4310.0,0.0,0.0
2021-03-17,14:30,ZH,0.0,90906,0.0,132.0,21.0,15.0,0.0,1308.0,https://www.zh.ch/de/gesundheit/coronavirus.html,1638.0,4310.0,0.0,0.0
2021-03-18,14:30,ZH,0.0,91229,0.0,125.0,19.0,12.0,0.0,1310.0,https://www.zh.ch/de/gesundheit/coronavirus.html,1893.0,5217.0,0.0,0.0
2021-03-19,14:30,ZH,0.0,91486,0.0,127.0,20.0,13.0,0.0,1311.0,https://www.zh.ch/de/gesundheit/coronavirus.html,1893.0,5217.0,0.0,0.0
2021-03-20,14:30,ZH,0.0,91786,0.0,132.0,22.0,11.0,0.0,1311.0,https://www.zh.ch/de/gesundheit/coronavirus.html,0.0,0.0,0.0,0.0
2021-03-21,14:30,ZH,0.0,91965,0.0,131.0,25.0,12.0,0.0,1311.0,https://www.zh.ch/de/gesundheit/coronavirus.html,0.0,0.0,0.0,0.0
2021-03-22,14:30,ZH,0.0,92167,0.0,144.0,26.0,13.0,0.0,1314.0,https://www.zh.ch/de/gesundheit/coronavirus.html,1893.0,5217.0,0.0,0.0
2021-03-23,14:30,ZH,0.0,92509,0.0,146.0,28.0,19.0,0.0,1317.0,https://www.zh.ch/de/gesundheit/coronavirus.html,2043.0,5342.0,0.0,0.0
2021-03-24,14:30,ZH,0.0,92904,0.0,130.0,29.0,20.0,0.0,1321.0,https://www.zh.ch/de/gesundheit/coronavirus.html,2043.0,5342.0,0.0,0.0
2021-03-25,14:30,ZH,0.0,93295,0.0,133.0,27.0,19.0,0.0,1323.0,https://www.zh.ch/de/gesundheit/coronavirus.html,2371.0,6503.0,0.0,0.0
2021-03-26,14:30,ZH,0.0,93661,0.0,127.0,26.0,16.0,0.0,1324.0,https://www.zh.ch/de/gesundheit/coronavirus.html,2371.0,6503.0,0.0,0.0
2021-03-27,14:30,ZH,0.0,94041,0.0,133.0,26.0,17.0,0.0,1324.0,https://www.zh.ch/de/gesundheit/coronavirus.html,0.0,0.0,0.0,0.0
2021-03-28,14:30,ZH,0.0,94295,0.0,162.0,30.0,21.0,0.0,1324.0,https://www.zh.ch/de/gesundheit/coronavirus.html,0.0,0.0,0.0,0.0
2021-03-29,14:30,ZH,0.0,94525,0.0,166.0,34.0,23.0,0.0,1326.0,https://www.zh.ch/de/gesundheit/coronavirus.html,2371.0,6503.0,0.0,0.0
2021-03-30,14:30,ZH,0.0,94954,0.0,178.0,35.0,26.0,0.0,1331.0,https://www.zh.ch/de/gesundheit/coronavirus.html,2603.0,7310.0,0.0,0.0
2021-03-31,14:30,ZH,0.0,95338,0.0,183.0,30.0,25.0,0.0,1333.0,https://www.zh.ch/de/gesundheit/coronavirus.html,2603.0,7310.0,0.0,0.0
2021-04-01,14:30,ZH,0.0,95730,0.0,183.0,29.0,24.0,0.0,1336.0,https://www.zh.ch/de/gesundheit/coronavirus.html,2888.0,8418.0,0.0,0.0
2021-04-02,14:30,ZH,0.0,96107,0.0,186.0,34.0,23.0,0.0,1336.0,https://www.zh.ch/de/gesundheit/coronavirus.html,2888.0,8418.0,0.0,0.0
2021-04-03,14:30,ZH,0.0,96370,0.0,194.0,33.0,22.0,0.0,1336.0,https://www.zh.ch/de/gesundheit/coronavirus.html,0.0,0.0,0.0,0.0
2021-04-04,14:30,ZH,0.0,96623,0.0,203.0,32.0,22.0,0.0,1336.0,https://www.zh.ch/de/gesundheit/coronavirus.html,0.0,0.0,0.0,0.0
2021-04-05,14:30,ZH,0.0,96835,0.0,194.0,35.0,21.0,0.0,1336.0,https://www.zh.ch/de/gesundheit/coronavirus.html,2888.0,8418.0,0.0,0.0
2021-04-06,14:30,ZH,0.0,97158,0.0,204.0,38.0,23.0,0.0,1340.0,https://www.zh.ch/de/gesundheit/coronavirus.html,2377.0,6736.0,0.0,0.0
2021-04-07,14:30,ZH,0.0,97661,0.0,208.0,39.0,23.0,0.0,1348.0,https://www.zh.ch/de/gesundheit/coronavirus.html,2377.0,6736.0,0.0,0.0
2021-04-08,14:30,ZH,0.0,98161,0.0,205.0,41.0,23.0,0.0,1349.0,https://www.zh.ch/de/gesundheit/coronavirus.html,2819.0,7595.0,0.0,0.0
2021-04-09,14:30,ZH,0.0,98644,0.0,213.0,41.0,26.0,0.0,1350.0,https://www.zh.ch/de/gesundheit/coronavirus.html,2819.0,7595.0,0.0,0.0
2021-04-10,14:30,ZH,0.0,99137,0.0,213.0,42.0,29.0,0.0,1350.0,https://www.zh.ch/de/gesundheit/coronavirus.html,0.0,0.0,0.0,0.0
2021-04-11,14:30,ZH,0.0,99486,0.0,225.0,47.0,28.0,0.0,1350.0,https://www.zh.ch/de/gesundheit/coronavirus.html,0.0,0.0,0.0,0.0
2021-04-12,14:30,ZH,0.0,99792,0.0,222.0,51.0,34.0,0.0,1353.0,https://www.zh.ch/de/gesundheit/coronavirus.html,2819.0,7595.0,0.0,0.0
2021-04-13,14:30,ZH,0.0,100313,0.0,215.0,53.0,36.0,0.0,1354.0,https://www.zh.ch/de/gesundheit/coronavirus.html,3217.0,8543.0,0.0,0.0
2021-04-14,14:30,ZH,0.0,100764,0.0,194.0,52.0,34.0,0.0,1355.0,https://www.zh.ch/de/gesundheit/coronavirus.html,3217.0,8543.0,0.0,0.0
2021-04-15,14:30,ZH,0.0,101271,0.0,189.0,56.0,37.0,0.0,1356.0,https://www.zh.ch/de/gesundheit/coronavirus.html,3518.0,9553.0,0.0,0.0
2021-04-16,14:30,ZH,0.0,101697,0.0,208.0,63.0,45.0,0.0,1357.0,https://www.zh.ch/de/gesundheit/coronavirus.html,3518.0,9553.0,0.0,0.0
2021-04-17,14:30,ZH,0.0,102116,0.0,206.0,62.0,43.0,0.0,1358.0,https://www.zh.ch/de/gesundheit/coronavirus.html,0.0,0.0,0.0,0.0
2021-04-18,14:30,ZH,0.0,102379,0.0,222.0,61.0,38.0,0.0,1358.0,https://www.zh.ch/de/gesundheit/coronavirus.html,0.0,0.0,0.0,0.0
2021-04-19,14:30,ZH,0.0,102671,0.0,227.0,52.0,34.0,0.0,1362.0,https://www.zh.ch/de/gesundheit/coronavirus.html,3518.0,9553.0,0.0,0.0
2021-04-20,14:30,ZH,0.0,103186,0.0,234.0,57.0,41.0,0.0,1363.0,https://www.zh.ch/de/gesundheit/coronavirus.html,3082.0,6540.0,0.0,0.0
2021-04-21,14:30,ZH,0.0,103668,0.0,234.0,55.0,39.0,0.0,1366.0,https://www.zh.ch/de/gesundheit/coronavirus.html,3082.0,6540.0,0.0,0.0
2021-04-22,14:30,ZH,0.0,104090,0.0,241.0,52.0,40.0,0.0,1368.0,https://www.zh.ch/de/gesundheit/coronavirus.html,3288.0,6811.0,0.0,0.0
2021-04-23,14:30,ZH,0.0,104498,0.0,222.0,54.0,40.0,0.0,1369.0,https://www.zh.ch/de/gesundheit/coronavirus.html,3288.0,6811.0,0.0,0.0
2021-04-24,14:30,ZH,0.0,104854,0.0,216.0,59.0,43.0,0.0,1369.0,https://www.zh.ch/de/gesundheit/coronavirus.html,0.0,0.0,0.0,0.0
2021-04-25,14:30,ZH,0.0,105153,0.0,222.0,59.0,45.0,0.0,1369.0,https://www.zh.ch/de/gesundheit/coronavirus.html,0.0,0.0,0.0,0.0
2021-04-26,14:30,ZH,0.0,105419,0.0,225.0,63.0,47.0,0.0,1373.0,https://www.zh.ch/de/gesundheit/coronavirus.html,3288.0,6811.0,0.0,0.0
2021-04-27,14:30,ZH,0.0,105836,0.0,235.0,62.0,47.0,0.0,1374.0,https://www.zh.ch/de/gesundheit/coronavirus.html,2866.0,5555.0,0.0,0.0
2021-04-28,14:30,ZH,0.0,106197,0.0,230.0,61.0,48.0,0.0,1375.0,https://www.zh.ch/de/gesundheit/coronavirus.html,2866.0,5555.0,0.0,0.0
2021-04-29,14:30,ZH,0.0,106513,0.0,222.0,60.0,50.0,0.0,1376.0,https://www.zh.ch/de/gesundheit/coronavirus.html,2880.0,5331.0,0.0,0.0
2021-04-30,14:30,ZH,0.0,106775,0.0,210.0,67.0,53.0,0.0,1377.0,https://www.zh.ch/de/gesundheit/coronavirus.html,2880.0,5331.0,0.0,0.0
2021-05-01,14:30,ZH,0.0,107066,0.0,210.0,65.0,49.0,0.0,1377.0,https://www.zh.ch/de/gesundheit/coronavirus.html,0.0,0.0,0.0,0.0
2021-05-02,14:30,ZH,0.0,107263,0.0,214.0,61.0,43.0,0.0,1377.0,https://www.zh.ch/de/gesundheit/coronavirus.html,0.0,0.0,0.0,0.0
2021-05-03,14:30,ZH,0.0,107432,0.0,209.0,63.0,46.0,0.0,1381.0,https://www.zh.ch/de/gesundheit/coronavirus.html,2880.0,5331.0,0.0,0.0
2021-05-04,14:30,ZH,0.0,107748,0.0,204.0,57.0,41.0,0.0,1382.0,https://www.zh.ch/de/gesundheit/coronavirus.html,2143.0,3847.0,0.0,0.0
2021-05-05,14:30,ZH,0.0,107979,0.0,196.0,55.0,40.0,0.0,1383.0,https://www.zh.ch/de/gesundheit/coronavirus.html,2143.0,3847.0,0.0,0.0
2021-05-06,14:30,ZH,0.0,108214,0.0,181.0,53.0,35.0,0.0,1383.0,https://www.zh.ch/de/gesundheit/coronavirus.html,2051.0,3425.0,0.0,0.0
2021-05-07,14:30,ZH,0.0,108398,0.0,158.0,49.0,35.0,0.0,1384.0,https://www.zh.ch/de/gesundheit/coronavirus.html,2051.0,3425.0,0.0,0.0
2021-05-08,14:30,ZH,0.0,108600,0.0,149.0,49.0,36.0,0.0,1384.0,https://www.zh.ch/de/gesundheit/coronavirus.html,0.0,0.0,0.0,0.0
2021-05-09,14:30,ZH,0.0,108728,0.0,180.0,44.0,30.0,0.0,1384.0,https://www.zh.ch/de/gesundheit/coronavirus.html,0.0,0.0,0.0,0.0
2021-05-10,14:30,ZH,0.0,108863,0.0,180.0,44.0,30.0,0.0,1388.0,https://www.zh.ch/de/gesundheit/coronavirus.html,2051.0,3425.0,0.0,0.0
2021-05-11,14:30,ZH,0.0,109092,0.0,166.0,51.0,39.0,0.0,1389.0,https://www.zh.ch/de/gesundheit/coronavirus.html,1534.0,2596.0,0.0,0.0
2021-05-12,14:30,ZH,0.0,109297,0.0,154.0,47.0,33.0,0.0,1389.0,https://www.zh.ch/de/gesundheit/coronavirus.html,1534.0,2596.0,0.0,0.0
2021-05-13,14:30,ZH,0.0,109455,0.0,150.0,49.0,36.0,0.0,1389.0,https://www.zh.ch/de/gesundheit/coronavirus.html,1534.0,2596.0,0.0,0.0
2021-05-14,14:30,ZH,0.0,109604,0.0,139.0,51.0,37.0,0.0,1389.0,https://www.zh.ch/de/gesundheit/coronavirus.html,1381.0,2439.0,0.0,0.0
2021-05-15,14:30,ZH,0.0,109784,0.0,133.0,53.0,38.0,0.0,1389.0,https://www.zh.ch/de/gesundheit/coronavirus.html,0.0,0.0,0.0,0.0
2021-05-16,14:30,ZH,0.0,109865,0.0,128.0,56.0,39.0,0.0,1389.0,https://www.zh.ch/de/gesundheit/coronavirus.html,0.0,0.0,0.0,0.0
2021-05-17,14:30,ZH,0.0,109979,0.0,124.0,51.0,34.0,0.0,1395.0,https://www.zh.ch/de/gesundheit/coronavirus.html,1381.0,2439.0,0.0,0.0
2021-05-18,14:30,ZH,0.0,110203,0.0,128.0,46.0,34.0,0.0,1395.0,https://www.zh.ch/de/gesundheit/coronavirus.html,1187.0,2229.0,0.0,0.0
2021-05-19,14:30,ZH,0.0,110415,0.0,122.0,42.0,33.0,0.0,1395.0,https://www.zh.ch/de/gesundheit/coronavirus.html,1187.0,2229.0,0.0,0.0
2021-05-20,14:30,ZH,0.0,110565,0.0,123.0,41.0,33.0,0.0,1395.0,https://www.zh.ch/de/gesundheit/coronavirus.html,1246.0,2338.0,0.0,0.0
2021-05-21,14:30,ZH,0.0,110707,0.0,119.0,40.0,30.0,0.0,1397.0,https://www.zh.ch/de/gesundheit/coronavirus.html,1246.0,2338.0,0.0,0.0
2021-05-22,14:30,ZH,0.0,110857,0.0,126.0,41.0,31.0,0.0,1397.0,https://www.zh.ch/de/gesundheit/coronavirus.html,0.0,0.0,0.0,0.0
2021-05-23,14:30,ZH,0.0,110924,0.0,118.0,44.0,29.0,0.0,1397.0,https://www.zh.ch/de/gesundheit/coronavirus.html,0.0,0.0,0.0,0.0
2021-05-24,14:30,ZH,0.0,110965,0.0,111.0,45.0,29.0,0.0,1397.0,https://www.zh.ch/de/gesundheit/coronavirus.html,1246.0,2338.0,0.0,0.0
2021-05-25,14:30,ZH,0.0,111092,0.0,111.0,43.0,29.0,0.0,1400.0,https://www.zh.ch/de/gesundheit/coronavirus.html,994.0,2128.0,0.0,0.0
2021-05-26,14:30,ZH,0.0,111242,0.0,105.0,44.0,30.0,0.0,1400.0,https://www.zh.ch/de/gesundheit/coronavirus.html,994.0,2128.0,0.0,0.0
2021-05-27,14:30,ZH,0.0,111382,0.0,104.0,44.0,33.0,0.0,1400.0,https://www.zh.ch/de/gesundheit/coronavirus.html,947.0,2256.0,0.0,0.0
2021-05-28,14:30,ZH,0.0,111484,0.0,99.0,42.0,30.0,0.0,1401.0,https://www.zh.ch/de/gesundheit/coronavirus.html,947.0,2256.0,0.0,0.0
2021-05-29,14:30,ZH,0.0,111567,0.0,93.0,40.0,28.0,0.0,1401.0,https://www.zh.ch/de/gesundheit/coronavirus.html,0.0,0.0,0.0,0.0
2021-05-30,14:30,ZH,0.0,111617,0.0,91.0,37.0,26.0,0.0,1401.0,https://www.zh.ch/de/gesundheit/coronavirus.html,0.0,0.0,0.0,0.0
2021-05-31,14:30,ZH,0.0,111675,0.0,93.0,39.0,27.0,0.0,1402.0,https://www.zh.ch/de/gesundheit/coronavirus.html,947.0,2256.0,0.0,0.0
2021-06-01,14:30,ZH,0.0,111791,0.0,81.0,37.0,30.0,0.0,1403.0,https://www.zh.ch/de/gesundheit/coronavirus.html,752.0,1824.0,0.0,0.0
2021-06-02,14:30,ZH,0.0,111886,0.0,80.0,36.0,30.0,0.0,1403.0,https://www.zh.ch/de/gesundheit/coronavirus.html,752.0,1824.0,0.0,0.0
2021-06-03,14:30,ZH,0.0,111967,0.0,81.0,34.0,27.0,0.0,1403.0,https://www.zh.ch/de/gesundheit/coronavirus.html,699.0,1758.0,0.0,0.0
2021-06-04,14:30,ZH,0.0,112033,0.0,79.0,33.0,27.0,0.0,1404.0,https://www.zh.ch/de/gesundheit/coronavirus.html,699.0,1758.0,0.0,0.0
2021-06-05,14:30,ZH,0.0,112089,0.0,77.0,35.0,26.0,0.0,1404.0,https://www.zh.ch/de/gesundheit/coronavirus.html,0.0,0.0,0.0,0.0
2021-06-06,14:30,ZH,0.0,112127,0.0,77.0,35.0,25.0,0.0,1404.0,https://www.zh.ch/de/gesundheit/coronavirus.html,0.0,0.0,0.0,0.0
2021-06-07,14:30,ZH,0.0,112157,0.0,84.0,33.0,21.0,0.0,1405.0,https://www.zh.ch/de/gesundheit/coronavirus.html,699.0,1758.0,0.0,0.0
2021-06-08,14:30,ZH,0.0,112251,0.0,77.0,33.0,22.0,0.0,1405.0,https://www.zh.ch/de/gesundheit/coronavirus.html,521.0,1194.0,0.0,0.0
2021-06-09,14:30,ZH,0.0,112324,0.0,67.0,31.0,23.0,0.0,1405.0,https://www.zh.ch/de/gesundheit/coronavirus.html,521.0,1194.0,0.0,0.0
2021-06-10,14:30,ZH,0.0,112386,0.0,56.0,31.0,21.0,0.0,1406.0,https://www.zh.ch/de/gesundheit/coronavirus.html,505.0,1307.0,0.0,0.0
2021-06-11,14:30,ZH,0.0,112429,0.0,51.0,28.0,21.0,0.0,1407.0,https://www.zh.ch/de/gesundheit/coronavirus.html,505.0,1307.0,0.0,0.0
2021-06-12,14:30,ZH,0.0,112480,0.0,49.0,28.0,20.0,0.0,1407.0,https://www.zh.ch/de/gesundheit/coronavirus.html,0.0,0.0,0.0,0.0
2021-06-13,14:30,ZH,0.0,112516,0.0,47.0,27.0,19.0,0.0,1407.0,https://www.zh.ch/de/gesundheit/coronavirus.html,0.0,0.0,0.0,0.0
2021-06-14,14:30,ZH,0.0,112542,0.0,48.0,27.0,16.0,0.0,1409.0,https://www.zh.ch/de/gesundheit/coronavirus.html,505.0,1307.0,0.0,0.0
2021-06-15,14:30,ZH,0.0,112591,0.0,47.0,23.0,17.0,0.0,1411.0,https://www.zh.ch/de/gesundheit/coronavirus.html,374.0,975.0,0.0,0.0
2021-06-16,14:30,ZH,0.0,112631,0.0,40.0,22.0,18.0,0.0,1412.0,https://www.zh.ch/de/gesundheit/coronavirus.html,374.0,975.0,0.0,0.0
2021-06-17,14:30,ZH,0.0,112663,0.0,36.0,20.0,15.0,0.0,1412.0,https://www.zh.ch/de/gesundheit/coronavirus.html,344.0,899.0,0.0,0.0
2021-06-18,14:30,ZH,0.0,112679,0.0,39.0,17.0,13.0,0.0,1414.0,https://www.zh.ch/de/gesundheit/coronavirus.html,344.0,899.0,0.0,0.0
2021-06-19,14:30,ZH,0.0,112706,0.0,38.0,19.0,12.0,0.0,1414.0,https://www.zh.ch/de/gesundheit/coronavirus.html,0.0,0.0,0.0,0.0
2021-06-20,14:30,ZH,0.0,112725,0.0,41.0,20.0,12.0,0.0,1414.0,https://www.zh.ch/de/gesundheit/coronavirus.html,0.0,0.0,0.0,0.0
2021-06-21,14:30,ZH,0.0,112736,0.0,38.0,18.0,13.0,0.0,1414.0,https://www.zh.ch/de/gesundheit/coronavirus.html,344.0,899.0,0.0,0.0
2021-06-22,14:30,ZH,0.0,112764,0.0,36.0,18.0,12.0,0.0,1414.0,https://www.zh.ch/de/gesundheit/coronavirus.html,200.0,592.0,0.0,0.0
2021-06-23,14:30,ZH,0.0,112778,0.0,33.0,16.0,14.0,0.0,1414.0,https://www.zh.ch/de/gesundheit/coronavirus.html,200.0,592.0,0.0,0.0
2021-06-24,14:30,ZH,0.0,112792,0.0,31.0,16.0,14.0,0.0,1414.0,https://www.zh.ch/de/gesundheit/coronavirus.html,168.0,569.0,0.0,0.0
2021-06-25,14:30,ZH,0.0,112814,0.0,30.0,17.0,14.0,0.0,1416.0,https://www.zh.ch/de/gesundheit/coronavirus.html,168.0,569.0,0.0,0.0
2021-06-26,14:30,ZH,0.0,112827,0.0,32.0,19.0,15.0,0.0,1416.0,https://www.zh.ch/de/gesundheit/coronavirus.html,0.0,0.0,0.0,0.0
2021-06-27,14:30,ZH,0.0,112841,0.0,30.0,18.0,11.0,0.0,1416.0,https://www.zh.ch/de/gesundheit/coronavirus.html,0.0,0.0,0.0,0.0
2021-06-28,14:30,ZH,0.0,112846,0.0,25.0,16.0,11.0,0.0,1416.0,https://www.zh.ch/de/gesundheit/coronavirus.html,168.0,569.0,0.0,0.0
2021-06-29,14:30,ZH,0.0,112871,0.0,24.0,16.0,10.0,0.0,1416.0,https://www.zh.ch/de/gesundheit/coronavirus.html,119.0,294.0,0.0,0.0
2021-06-30,14:30,ZH,0.0,112897,0.0,21.0,15.0,9.0,0.0,1417.0,https://www.zh.ch/de/gesundheit/coronavirus.html,119.0,294.0,0.0,0.0
2021-07-01,14:30,ZH,0.0,112925,0.0,23.0,14.0,7.0,0.0,1417.0,https://www.zh.ch/de/gesundheit/coronavirus.html,135.0,333.0,0.0,0.0
2021-07-02,14:30,ZH,0.0,112950,0.0,19.0,13.0,7.0,0.0,1417.0,https://www.zh.ch/de/gesundheit/coronavirus.html,135.0,333.0,0.0,0.0
2021-07-03,14:30,ZH,0.0,112979,0.0,17.0,10.0,6.0,0.0,1417.0,https://www.zh.ch/de/gesundheit/coronavirus.html,0.0,0.0,0.0,0.0
2021-07-04,14:30,ZH,0.0,112995,0.0,17.0,10.0,6.0,0.0,1417.0,https://www.zh.ch/de/gesundheit/coronavirus.html,0.0,0.0,0.0,0.0
2021-07-05,14:30,ZH,0.0,113023,0.0,16.0,8.0,4.0,0.0,1417.0,https://www.zh.ch/de/gesundheit/coronavirus.html,135.0,333.0,0.0,0.0
2021-07-06,14:30,ZH,0.0,113077,0.0,14.0,8.0,4.0,0.0,1417.0,https://www.zh.ch/de/gesundheit/coronavirus.html,185.0,420.0,0.0,0.0
2021-07-07,14:30,ZH,0.0,113135,0.0,13.0,8.0,4.0,0.0,1417.0,https://www.zh.ch/de/gesundheit/coronavirus.html,185.0,420.0,0.0,0.0
2021-07-08,14:30,ZH,0.0,113213,0.0,12.0,8.0,5.0,0.0,1417.0,https://www.zh.ch/de/gesundheit/coronavirus.html,277.0,608.0,0.0,0.0
2021-07-09,14:30,ZH,0.0,113279,0.0,13.0,8.0,4.0,0.0,1417.0,https://www.zh.ch/de/gesundheit/coronavirus.html,277.0,608.0,0.0,0.0
2021-07-10,14:30,ZH,0.0,113369,0.0,13.0,9.0,5.0,0.0,1417.0,https://www.zh.ch/de/gesundheit/coronavirus.html,0.0,0.0,0.0,0.0
2021-07-11,14:30,ZH,0.0,113424,0.0,13.0,9.0,5.0,0.0,1417.0,https://www.zh.ch/de/gesundheit/coronavirus.html,0.0,0.0,0.0,0.0
2021-07-12,14:30,ZH,0.0,113488,0.0,13.0,8.0,5.0,0.0,1418.0,https://www.zh.ch/de/gesundheit/coronavirus.html,277.0,608.0,0.0,0.0
2021-07-13,14:30,ZH,0.0,113623,0.0,13.0,7.0,4.0,0.0,1418.0,https://www.zh.ch/de/gesundheit/coronavirus.html,506.0,942.0,0.0,0.0
2021-07-14,14:30,ZH,0.0,113762,0.0,10.0,7.0,3.0,0.0,1418.0,https://www.zh.ch/de/gesundheit/coronavirus.html,506.0,942.0,0.0,0.0
2021-07-15,14:30,ZH,0.0,113914,0.0,15.0,8.0,4.0,0.0,1418.0,https://www.zh.ch/de/gesundheit/coronavirus.html,675.0,1356.0,0.0,0.0
2021-07-16,14:30,ZH,0.0,114069,0.0,19.0,9.0,5.0,0.0,1418.0,https://www.zh.ch/de/gesundheit/coronavirus.html,675.0,1356.0,0.0,0.0
2021-07-17,14:30,ZH,0.0,114227,0.0,19.0,9.0,5.0,0.0,1418.0,https://www.zh.ch/de/gesundheit/coronavirus.html,0.0,0.0,0.0,0.0
2021-07-18,14:30,ZH,0.0,114345,0.0,22.0,9.0,5.0,0.0,1418.0,https://www.zh.ch/de/gesundheit/coronavirus.html,0.0,0.0,0.0,0.0
2021-07-19,14:30,ZH,0.0,114441,0.0,26.0,13.0,7.0,0.0,1418.0,https://www.zh.ch/de/gesundheit/coronavirus.html,675.0,1356.0,0.0,0.0
2021-07-20,14:30,ZH,0.0,114650,0.0,29.0,11.0,4.0,0.0,1418.0,https://www.zh.ch/de/gesundheit/coronavirus.html,973.0,2145.0,0.0,0.0
2021-07-21,14:30,ZH,0.0,114806,0.0,30.0,10.0,4.0,0.0,1418.0,https://www.zh.ch/de/gesundheit/coronavirus.html,973.0,2145.0,0.0,0.0
2021-07-22,14:30,ZH,0.0,115054,0.0,32.0,10.0,6.0,0.0,1418.0,https://www.zh.ch/de/gesundheit/coronavirus.html,1151.0,2453.0,0.0,0.0
2021-07-23,14:30,ZH,0.0,115210,0.0,34.0,11.0,7.0,0.0,1418.0,https://www.zh.ch/de/gesundheit/coronavirus.html,1151.0,2453.0,0.0,0.0
2021-07-24,14:30,ZH,0.0,115346,0.0,35.0,13.0,6.0,0.0,1418.0,https://www.zh.ch/de/gesundheit/coronavirus.html,0.0,0.0,0.0,0.0
2021-07-25,14:30,ZH,0.0,115448,0.0,33.0,12.0,7.0,0.0,1418.0,https://www.zh.ch/de/gesundheit/coronavirus.html,0.0,0.0,0.0,0.0
2021-07-26,14:30,ZH,0.0,115533,0.0,34.0,13.0,5.0,0.0,1418.0,https://www.zh.ch/de/gesundheit/coronavirus.html,1151.0,2453.0,0.0,0.0
2021-07-27,14:30,ZH,0.0,115750,0.0,38.0,14.0,10.0,0.0,1418.0,https://www.zh.ch/de/gesundheit/coronavirus.html,1121.0,2455.0,0.0,0.0
2021-07-28,14:30,ZH,0.0,115903,0.0,41.0,13.0,8.0,0.0,1418.0,https://www.zh.ch/de/gesundheit/coronavirus.html,1121.0,2455.0,0.0,0.0
2021-07-29,14:30,ZH,0.0,116032,0.0,43.0,13.0,8.0,0.0,1418.0,https://www.zh.ch/de/gesundheit/coronavirus.html,1137.0,2341.0,0.0,0.0
2021-07-30,14:30,ZH,0.0,116199,0.0,45.0,14.0,10.0,0.0,1418.0,https://www.zh.ch/de/gesundheit/coronavirus.html,1137.0,2341.0,0.0,0.0
2021-07-31,14:30,ZH,0.0,116327,0.0,46.0,16.0,10.0,0.0,1418.0,https://www.zh.ch/de/gesundheit/coronavirus.html,0.0,0.0,0.0,0.0
2021-08-01,14:30,ZH,0.0,116372,0.0,50.0,17.0,12.0,0.0,1418.0,https://www.zh.ch/de/gesundheit/coronavirus.html,0.0,0.0,0.0,0.0
2021-08-02,14:30,ZH,0.0,116474,0.0,53.0,17.0,13.0,0.0,1418.0,https://www.zh.ch/de/gesundheit/coronavirus.html,1137.0,2341.0,0.0,0.0
2021-08-03,14:30,ZH,0.0,116653,0.0,57.0,15.0,13.0,0.0,1418.0,https://www.zh.ch/de/gesundheit/coronavirus.html,961.0,1785.0,0.0,0.0
2021-08-04,14:30,ZH,0.0,116826,0.0,54.0,17.0,12.0,0.0,1419.0,https://www.zh.ch/de/gesundheit/coronavirus.html,961.0,1785.0,0.0,0.0
2021-08-05,14:30,ZH,0.0,116993,0.0,61.0,18.0,12.0,0.0,1420.0,https://www.zh.ch/de/gesundheit/coronavirus.html,1017.0,1948.0,0.0,0.0
2021-08-06,14:30,ZH,0.0,117161,0.0,63.0,18.0,12.0,0.0,1420.0,https://www.zh.ch/de/gesundheit/coronavirus.html,1017.0,1948.0,0.0,0.0
2021-08-07,14:30,ZH,0.0,117334,0.0,61.0,21.0,11.0,0.0,1420.0,https://www.zh.ch/de/gesundheit/coronavirus.html,0.0,0.0,0.0,0.0
2021-08-08,14:30,ZH,0.0,117466,0.0,66.0,21.0,11.0,0.0,1420.0,https://www.zh.ch/de/gesundheit/coronavirus.html,0.0,0.0,0.0,0.0
2021-08-09,14:30,ZH,0.0,117679,0.0,66.0,22.0,13.0,0.0,1420.0,https://www.zh.ch/de/gesundheit/coronavirus.html,1017.0,1948.0,0.0,0.0
2021-08-10,14:30,ZH,0.0,118050,0.0,67.0,22.0,15.0,0.0,1421.0,https://www.zh.ch/de/gesundheit/coronavirus.html,1283.0,2418.0,0.0,0.0
2021-08-11,14:30,ZH,0.0,118310,0.0,72.0,28.0,16.0,0.0,1421.0,https://www.zh.ch/de/gesundheit/coronavirus.html,1283.0,2418.0,0.0,0.0
2021-08-12,14:30,ZH,0.0,118740,0.0,79.0,28.0,15.0,0.0,1422.0,https://www.zh.ch/de/gesundheit/coronavirus.html,1716.0,3534.0,0.0,0.0
2021-08-13,14:30,ZH,0.0,119085,0.0,75.0,27.0,16.0,0.0,1422.0,https://www.zh.ch/de/gesundheit/coronavirus.html,1716.0,3534.0,0.0,0.0
2021-08-14,14:30,ZH,0.0,119395,0.0,86.0,28.0,17.0,0.0,1422.0,https://www.zh.ch/de/gesundheit/coronavirus.html,0.0,0.0,0.0,0.0
2021-08-15,14:30,ZH,0.0,119744,0.0,89.0,29.0,18.0,0.0,1422.0,https://www.zh.ch/de/gesundheit/coronavirus.html,0.0,0.0,0.0,0.0
2021-08-16,14:30,ZH,0.0,119991,0.0,104.0,32.0,22.0,0.0,1422.0,https://www.zh.ch/de/gesundheit/coronavirus.html,1716.0,3534.0,0.0,0.0
2021-08-17,14:30,ZH,0.0,120742,0.0,121.0,40.0,24.0,0.0,1423.0,https://www.zh.ch/de/gesundheit/coronavirus.html,2565.0,5626.0,0.0,0.0
2021-08-18,14:30,ZH,0.0,121234,0.0,133.0,44.0,29.0,0.0,1424.0,https://www.zh.ch/de/gesundheit/coronavirus.html,2565.0,5626.0,0.0,0.0
2021-08-19,14:30,ZH,0.0,121732,0.0,143.0,46.0,27.0,0.0,1424.0,https://www.zh.ch/de/gesundheit/coronavirus.html,3104.0,7800.0,0.0,0.0
2021-08-20,14:30,ZH,0.0,122172,0.0,152.0,46.0,29.0,0.0,1426.0,https://www.zh.ch/de/gesundheit/coronavirus.html,3104.0,7800.0,0.0,0.0
2021-08-21,14:30,ZH,0.0,122732,0.0,153.0,50.0,33.0,0.0,1426.0,https://www.zh.ch/de/gesundheit/coronavirus.html,0.0,0.0,0.0,0.0
2021-08-22,14:30,ZH,0.0,123014,0.0,169.0,49.0,28.0,0.0,1426.0,https://www.zh.ch/de/gesundheit/coronavirus.html,0.0,0.0,0.0,0.0
2021-08-23,14:30,ZH,0.0,123432,0.0,183.0,49.0,36.0,0.0,1431.0,https://www.zh.ch/de/gesundheit/coronavirus.html,3104.0,7800.0,0.0,0.0
2021-08-24,14:30,ZH,0.0,124201,0.0,178.0,51.0,39.0,0.0,1432.0,https://www.zh.ch/de/gesundheit/coronavirus.html,3243.0,10278.0,0.0,0.0
2021-08-25,14:30,ZH,0.0,124674,0.0,167.0,52.0,40.0,0.0,1432.0,https://www.zh.ch/de/gesundheit/coronavirus.html,3243.0,10278.0,0.0,0.0
2021-08-26,14:30,ZH,0.0,125194,0.0,157.0,53.0,38.0,0.0,1432.0,https://www.zh.ch/de/gesundheit/coronavirus.html,3780.0,11679.0,0.0,0.0
2021-08-27,14:30,ZH,0.0,125649,0.0,165.0,57.0,45.0,0.0,1433.0,https://www.zh.ch/de/gesundheit/coronavirus.html,3780.0,11679.0,0.0,0.0
2021-08-28,14:30,ZH,0.0,126115,0.0,160.0,62.0,47.0,0.0,1433.0,https://www.zh.ch/de/gesundheit/coronavirus.html,0.0,0.0,0.0,0.0
2021-08-29,14:30,ZH,0.0,126493,0.0,184.0,66.0,49.0,0.0,1433.0,https://www.zh.ch/de/gesundheit/coronavirus.html,0.0,0.0,0.0,0.0
2021-08-30,14:30,ZH,0.0,126788,0.0,185.0,68.0,55.0,0.0,1435.0,https://www.zh.ch/de/gesundheit/coronavirus.html,3780.0,11679.0,0.0,0.0
2021-08-31,14:30,ZH,0.0,127460,0.0,192.0,67.0,57.0,0.0,1436.0,https://www.zh.ch/de/gesundheit/coronavirus.html,3554.0,10700.0,0.0,0.0
2021-09-01,14:30,ZH,0.0,127994,0.0,185.0,69.0,59.0,0.0,1438.0,https://www.zh.ch/de/gesundheit/coronavirus.html,3554.0,10700.0,0.0,0.0
2021-09-02,14:30,ZH,0.0,128566,0.0,188.0,70.0,56.0,0.0,1440.0,https://www.zh.ch/de/gesundheit/coronavirus.html,3613.0,12386.0,0.0,0.0
2021-09-03,14:30,ZH,0.0,129181,0.0,194.0,72.0,54.0,0.0,1444.0,https://www.zh.ch/de/gesundheit/coronavirus.html,3613.0,12386.0,0.0,0.0
2021-09-04,14:30,ZH,0.0,129690,0.0,177.0,65.0,50.0,0.0,1444.0,https://www.zh.ch/de/gesundheit/coronavirus.html,0.0,0.0,0.0,0.0
2021-09-05,14:30,ZH,0.0,130046,0.0,177.0,65.0,50.0,0.0,1444.0,https://www.zh.ch/de/gesundheit/coronavirus.html,0.0,0.0,0.0,0.0
2021-09-06,14:30,ZH,0.0,130401,0.0,182.0,65.0,49.0,0.0,1447.0,https://www.zh.ch/de/gesundheit/coronavirus.html,3613.0,12386.0,0.0,0.0
2021-09-07,14:30,ZH,0.0,131232,0.0,187.0,69.0,49.0,0.0,1451.0,https://www.zh.ch/de/gesundheit/coronavirus.html,3852.0,13144.0,0.0,0.0
2021-09-08,14:30,ZH,0.0,131888,0.0,192.0,68.0,53.0,0.0,1456.0,https://www.zh.ch/de/gesundheit/coronavirus.html,3852.0,13144.0,0.0,0.0
2021-09-09,14:30,ZH,0.0,132523,0.0,194.0,64.0,51.0,0.0,1457.0,https://www.zh.ch/de/gesundheit/coronavirus.html,4301.0,16084.0,0.0,0.0
2021-09-10,14:30,ZH,0.0,133151,0.0,186.0,62.0,54.0,0.0,1457.0,https://www.zh.ch/de/gesundheit/coronavirus.html,4301.0,16084.0,0.0,0.0
2021-09-11,14:30,ZH,0.0,133696,0.0,178.0,62.0,52.0,0.0,1457.0,https://www.zh.ch/de/gesundheit/coronavirus.html,0.0,0.0,0.0,0.0
2021-09-12,14:30,ZH,0.0,134043,0.0,182.0,60.0,54.0,0.0,1457.0,https://www.zh.ch/de/gesundheit/coronavirus.html,0.0,0.0,0.0,0.0
2021-09-13,14:30,ZH,0.0,134302,0.0,173.0,62.0,51.0,0.0,1458.0,https://www.zh.ch/de/gesundheit/coronavirus.html,4301.0,16084.0,0.0,0.0
2021-09-14,14:30,ZH,0.0,134842,0.0,173.0,63.0,48.0,0.0,1459.0,https://www.zh.ch/de/gesundheit/coronavirus.html,3515.0,15504.0,0.0,0.0
2021-09-15,14:30,ZH,0.0,135294,0.0,188.0,59.0,43.0,0.0,1459.0,https://www.zh.ch/de/gesundheit/coronavirus.html,3515.0,15504.0,0.0,0.0
2021-09-16,14:30,ZH,0.0,135737,0.0,175.0,57.0,46.0,0.0,1461.0,https://www.zh.ch/de/gesundheit/coronavirus.html,3788.0,15189.0,0.0,0.0
2021-09-17,14:30,ZH,0.0,136082,0.0,180.0,63.0,46.0,0.0,1462.0,https://www.zh.ch/de/gesundheit/coronavirus.html,3788.0,15189.0,0.0,0.0
2021-09-18,14:30,ZH,0.0,136491,0.0,165.0,63.0,49.0,0.0,1462.0,https://www.zh.ch/de/gesundheit/coronavirus.html,0.0,0.0,0.0,0.0
2021-09-19,14:30,ZH,0.0,136743,0.0,164.0,59.0,44.0,0.0,1462.0,https://www.zh.ch/de/gesundheit/coronavirus.html,0.0,0.0,0.0,0.0
2021-09-20,14:30,ZH,0.0,136893,0.0,150.0,53.0,42.0,0.0,1466.0,https://www.zh.ch/de/gesundheit/coronavirus.html,3788.0,15189.0,0.0,0.0
2021-09-21,14:30,ZH,0.0,137209,0.0,154.0,51.0,42.0,0.0,1466.0,https://www.zh.ch/de/gesundheit/coronavirus.html,2662.0,9943.0,0.0,0.0
2021-09-22,14:30,ZH,0.0,137591,0.0,149.0,51.0,41.0,0.0,1467.0,https://www.zh.ch/de/gesundheit/coronavirus.html,2662.0,9943.0,0.0,0.0
2021-09-23,14:30,ZH,0.0,137912,0.0,148.0,50.0,42.0,0.0,1468.0,https://www.zh.ch/de/gesundheit/coronavirus.html,2579.0,9934.0,0.0,0.0
2021-09-24,14:30,ZH,0.0,138161,0.0,140.0,48.0,40.0,0.0,1470.0,https://www.zh.ch/de/gesundheit/coronavirus.html,2579.0,9934.0,0.0,0.0
2021-09-25,14:30,ZH,0.0,138375,0.0,124.0,49.0,41.0,0.0,1470.0,https://www.zh.ch/de/gesundheit/coronavirus.html,0.0,0.0,0.0,0.0
2021-09-26,14:30,ZH,0.0,138533,0.0,122.0,47.0,39.0,0.0,1470.0,https://www.zh.ch/de/gesundheit/coronavirus.html,0.0,0.0,0.0,0.0
2021-09-27,14:30,ZH,0.0,138657,0.0,125.0,46.0,33.0,0.0,1471.0,https://www.zh.ch/de/gesundheit/coronavirus.html,2579.0,9934.0,0.0,0.0
2021-09-28,14:30,ZH,0.0,138909,0.0,120.0,46.0,35.0,0.0,1472.0,https://www.zh.ch/de/gesundheit/coronavirus.html,1772.0,7003.0,0.0,0.0
2021-09-29,14:30,ZH,0.0,139121,0.0,114.0,39.0,34.0,0.0,1474.0,https://www.zh.ch/de/gesundheit/coronavirus.html,1772.0,7003.0,0.0,0.0
2021-09-30,14:30,ZH,0.0,139402,0.0,106.0,38.0,32.0,0.0,1476.0,https://www.zh.ch/de/gesundheit/coronavirus.html,1740.0,7410.0,0.0,0.0
2021-10-01,14:30,ZH,0.0,139646,0.0,108.0,40.0,32.0,0.0,1477.0,https://www.zh.ch/de/gesundheit/coronavirus.html,1740.0,7410.0,0.0,0.0
2021-10-02,14:30,ZH,0.0,139914,0.0,97.0,39.0,29.0,0.0,1477.0,https://www.zh.ch/de/gesundheit/coronavirus.html,0.0,0.0,0.0,0.0
2021-10-03,14:30,ZH,0.0,140047,0.0,104.0,38.0,29.0,0.0,1477.0,https://www.zh.ch/de/gesundheit/coronavirus.html,0.0,0.0,0.0,0.0
2021-10-04,14:30,ZH,0.0,140152,0.0,103.0,40.0,29.0,0.0,1481.0,https://www.zh.ch/de/gesundheit/coronavirus.html,1740.0,7410.0,0.0,0.0
2021-10-05,14:30,ZH,0.0,140379,0.0,99.0,46.0,32.0,0.0,1481.0,https://www.zh.ch/de/gesundheit/coronavirus.html,1516.0,6450.0,0.0,0.0
2021-10-06,14:30,ZH,0.0,140631,0.0,96.0,47.0,31.0,0.0,1481.0,https://www.zh.ch/de/gesundheit/coronavirus.html,1516.0,6450.0,0.0,0.0
2021-10-07,14:30,ZH,0.0,140818,0.0,97.0,46.0,34.0,0.0,1482.0,https://www.zh.ch/de/gesundheit/coronavirus.html,1563.0,6230.0,0.0,0.0
2021-10-08,14:30,ZH,0.0,141011,0.0,89.0,42.0,31.0,0.0,1482.0,https://www.zh.ch/de/gesundheit/coronavirus.html,1563.0,6230.0,0.0,0.0
2021-10-09,14:30,ZH,0.0,141150,0.0,87.0,42.0,29.0,0.0,1482.0,https://www.zh.ch/de/gesundheit/coronavirus.html,0.0,0.0,0.0,0.0
2021-10-10,14:30,ZH,0.0,141248,0.0,88.0,41.0,32.0,0.0,1482.0,https://www.zh.ch/de/gesundheit/coronavirus.html,0.0,0.0,0.0,0.0
2021-10-11,14:30,ZH,0.0,141318,0.0,87.0,42.0,31.0,0.0,1486.0,https://www.zh.ch/de/gesundheit/coronavirus.html,1563.0,6230.0,0.0,0.0
2021-10-12,14:30,ZH,0.0,141491,0.0,88.0,39.0,30.0,0.0,1488.0,https://www.zh.ch/de/gesundheit/coronavirus.html,1155.0,4716.0,0.0,0.0
2021-10-13,14:30,ZH,0.0,141614,0.0,86.0,38.0,29.0,0.0,1489.0,https://www.zh.ch/de/gesundheit/coronavirus.html,1155.0,4716.0,0.0,0.0
2021-10-14,14:30,ZH,0.0,141774,0.0,71.0,34.0,24.0,0.0,1489.0,https://www.zh.ch/de/gesundheit/coronavirus.html,1113.0,4340.0,0.0,0.0
2021-10-15,14:30,ZH,0.0,141900,0.0,69.0,33.0,23.0,0.0,1489.0,https://www.zh.ch/de/gesundheit/coronavirus.html,1113.0,4340.0,0.0,0.0
2021-10-16,14:30,ZH,0.0,142053,0.0,67.0,35.0,18.0,0.0,1489.0,https://www.zh.ch/de/gesundheit/coronavirus.html,0.0,0.0,0.0,0.0
2021-10-17,14:30,ZH,0.0,142147,0.0,72.0,34.0,17.0,0.0,1489.0,https://www.zh.ch/de/gesundheit/coronavirus.html,0.0,0.0,0.0,0.0
2021-10-18,14:30,ZH,0.0,142253,0.0,73.0,32.0,18.0,0.0,1489.0,https://www.zh.ch/de/gesundheit/coronavirus.html,1113.0,4340.0,0.0,0.0
2021-10-19,14:30,ZH,0.0,142489,0.0,73.0,27.0,18.0,0.0,1490.0,https://www.zh.ch/de/gesundheit/coronavirus.html,981.0,3015.0,0.0,0.0
2021-10-20,14:30,ZH,0.0,142710,0.0,74.0,27.0,19.0,0.0,1490.0,https://www.zh.ch/de/gesundheit/coronavirus.html,981.0,3015.0,0.0,0.0
2021-10-21,14:30,ZH,0.0,142901,0.0,69.0,25.0,17.0,0.0,1491.0,https://www.zh.ch/de/gesundheit/coronavirus.html,1149.0,3475.0,0.0,0.0
2021-10-22,14:30,ZH,0.0,143093,0.0,62.0,24.0,17.0,0.0,1492.0,https://www.zh.ch/de/gesundheit/coronavirus.html,1149.0,3475.0,0.0,0.0
2021-10-23,14:30,ZH,0.0,143292,0.0,67.0,24.0,18.0,0.0,1492.0,https://www.zh.ch/de/gesundheit/coronavirus.html,0.0,0.0,0.0,0.0
2021-10-24,14:30,ZH,0.0,143433,0.0,71.0,27.0,15.0,0.0,1492.0,https://www.zh.ch/de/gesundheit/coronavirus.html,1149.0,3475.0,0.0,0.0
2021-10-25,14:30,ZH,0.0,143567,0.0,76.0,26.0,17.0,0.0,1492.0,https://www.zh.ch/de/gesundheit/coronavirus.html,1149.0,3475.0,0.0,0.0
2021-10-26,14:30,ZH,0.0,143878,0.0,78.0,24.0,17.0,0.0,1494.0,https://www.zh.ch/de/gesundheit/coronavirus.html,1340.0,4005.0,0.0,0.0
2021-10-27,14:30,ZH,0.0,144095,0.0,74.0,22.0,15.0,0.0,1494.0,https://www.zh.ch/de/gesundheit/coronavirus.html,1340.0,4005.0,0.0,0.0
2021-10-28,14:30,ZH,0.0,144395,0.0,75.0,26.0,16.0,0.0,1495.0,https://www.zh.ch/de/gesundheit/coronavirus.html,1478.0,4469.0,0.0,0.0
2021-10-29,14:30,ZH,0.0,144696,0.0,71.0,22.0,15.0,0.0,1497.0,https://www.zh.ch/de/gesundheit/coronavirus.html,1478.0,4469.0,0.0,0.0
2021-10-30,14:30,ZH,0.0,145083,0.0,68.0,21.0,15.0,0.0,1497.0,https://www.zh.ch/de/gesundheit/coronavirus.html,0.0,0.0,0.0,0.0
2021-10-31,14:30,ZH,0.0,145236,0.0,67.0,20.0,13.0,0.0,1497.0,https://www.zh.ch/de/gesundheit/coronavirus.html,0.0,0.0,0.0,0.0
2021-11-01,14:30,ZH,0.0,145417,0.0,80.0,20.0,13.0,0.0,1498.0,https://www.zh.ch/de/gesundheit/coronavirus.html,1478.0,4469.0,0.0,0.0
2021-11-02,14:30,ZH,0.0,145840,0.0,88.0,20.0,16.0,0.0,1499.0,https://www.zh.ch/de/gesundheit/coronavirus.html,1884.0,6160.0,0.0,0.0
2021-11-03,14:30,ZH,0.0,146236,0.0,80.0,20.0,16.0,0.0,1499.0,https://www.zh.ch/de/gesundheit/coronavirus.html,1884.0,6160.0,0.0,0.0
2021-11-04,14:30,ZH,0.0,146744,0.0,84.0,25.0,18.0,0.0,1499.0,https://www.zh.ch/de/gesundheit/coronavirus.html,2379.0,8108.0,0.0,0.0
2021-11-05,14:30,ZH,0.0,147261,0.0,79.0,26.0,20.0,0.0,1500.0,https://www.zh.ch/de/gesundheit/coronavirus.html,2379.0,8108.0,0.0,0.0
2021-11-06,14:30,ZH,0.0,147715,0.0,88.0,27.0,21.0,0.0,1500.0,https://www.zh.ch/de/gesundheit/coronavirus.html,0.0,0.0,0.0,0.0
2021-11-07,14:30,ZH,0.0,147992,0.0,89.0,30.0,23.0,0.0,1500.0,https://www.zh.ch/de/gesundheit/coronavirus.html,0.0,0.0,0.0,0.0
2021-11-08,14:30,ZH,0.0,148255,0.0,90.0,31.0,24.0,0.0,1502.0,https://www.zh.ch/de/gesundheit/coronavirus.html,2379.0,8108.0,0.0,0.0
2021-11-09,14:30,ZH,0.0,148860,0.0,92.0,30.0,22.0,0.0,1503.0,https://www.zh.ch/de/gesundheit/coronavirus.html,2832.0,11032.0,0.0,0.0
2021-11-10,14:30,ZH,0.0,149469,0.0,93.0,29.0,19.0,0.0,1503.0,https://www.zh.ch/de/gesundheit/coronavirus.html,2832.0,11032.0,0.0,0.0
2021-11-11,14:30,ZH,0.0,150173,0.0,95.0,25.0,19.0,0.0,1504.0,https://www.zh.ch/de/gesundheit/coronavirus.html,3531.0,13601.0,0.0,0.0
2021-11-12,14:30,ZH,0.0,150876,0.0,92.0,21.0,14.0,0.0,1508.0,https://www.zh.ch/de/gesundheit/coronavirus.html,3531.0,13601.0,0.0,0.0
2021-11-13,14:30,ZH,0.0,151590,0.0,100.0,22.0,15.0,0.0,1508.0,https://www.zh.ch/de/gesundheit/coronavirus.html,0.0,0.0,0.0,0.0
2021-11-14,14:30,ZH,0.0,152082,0.0,98.0,22.0,17.0,0.0,1508.0,https://www.zh.ch/de/gesundheit/coronavirus.html,0.0,0.0,0.0,0.0
2021-11-15,14:30,ZH,0.0,152496,0.0,101.0,25.0,17.0,0.0,1511.0,https://www.zh.ch/de/gesundheit/coronavirus.html,3531.0,13601.0,0.0,0.0
2021-11-16,14:30,ZH,0.0,153364,0.0,101.0,28.0,18.0,0.0,1511.0,https://www.zh.ch/de/gesundheit/coronavirus.html,4061.0,16266.0,0.0,0.0
2021-11-17,14:30,ZH,0.0,154284,0.0,108.0,29.0,21.0,0.0,1512.0,https://www.zh.ch/de/gesundheit/coronavirus.html,4061.0,16266.0,0.0,0.0
2021-11-18,14:30,ZH,0.0,155404,0.0,114.0,26.0,18.0,0.0,1513.0,https://www.zh.ch/de/gesundheit/coronavirus.html,4947.0,19465.0,0.0,0.0
2021-11-19,14:30,ZH,0.0,156381,0.0,114.0,24.0,19.0,0.0,1514.0,https://www.zh.ch/de/gesundheit/coronavirus.html,4947.0,19465.0,0.0,0.0
2021-11-20,14:30,ZH,0.0,157336,0.0,110.0,26.0,19.0,0.0,1514.0,https://www.zh.ch/de/gesundheit/coronavirus.html,0.0,0.0,0.0,0.0
2021-11-21,14:30,ZH,0.0,157730,0.0,112.0,27.0,18.0,0.0,1514.0,https://www.zh.ch/de/gesundheit/coronavirus.html,0.0,0.0,0.0,0.0
2021-11-22,14:30,ZH,0.0,158694,0.0,130.0,30.0,19.0,0.0,1520.0,https://www.zh.ch/de/gesundheit/coronavirus.html,4947.0,19465.0,0.0,0.0
2021-11-23,14:30,ZH,0.0,159724,0.0,149.0,31.0,19.0,0.0,1523.0,https://www.zh.ch/de/gesundheit/coronavirus.html,6326.0,24476.0,0.0,0.0
2021-11-24,14:30,ZH,0.0,161238,0.0,156.0,34.0,20.0,0.0,1527.0,https://www.zh.ch/de/gesundheit/coronavirus.html,6326.0,24476.0,0.0,0.0
2021-11-25,14:30,ZH,0.0,162353,0.0,161.0,38.0,23.0,0.0,1531.0,https://www.zh.ch/de/gesundheit/coronavirus.html,7410.0,28714.0,0.0,0.0
2021-11-26,14:30,ZH,0.0,164019,0.0,159.0,37.0,25.0,0.0,1532.0,https://www.zh.ch/de/gesundheit/coronavirus.html,7410.0,28714.0,0.0,0.0
2021-11-27,14:30,ZH,0.0,165510,0.0,160.0,37.0,26.0,0.0,1532.0,https://www.zh.ch/de/gesundheit/coronavirus.html,0.0,0.0,0.0,0.0
2021-11-28,14:30,ZH,0.0,166299,0.0,164.0,39.0,25.0,0.0,1532.0,https://www.zh.ch/de/gesundheit/coronavirus.html,0.0,0.0,0.0,0.0
2021-11-29,14:30,ZH,0.0,167024,0.0,178.0,38.0,24.0,0.0,1536.0,https://www.zh.ch/de/gesundheit/coronavirus.html,7410.0,28714.0,0.0,0.0
2021-11-30,14:30,ZH,0.0,168497,0.0,177.0,42.0,24.0,0.0,1540.0,https://www.zh.ch/de/gesundheit/coronavirus.html,7035.0,30644.0,0.0,0.0
2021-12-01,14:30,ZH,0.0,170083,0.0,176.0,42.0,26.0,0.0,1543.0,https://www.zh.ch/de/gesundheit/coronavirus.html,7035.0,30644.0,0.0,0.0
2021-12-02,14:30,ZH,0.0,171595,0.0,170.0,34.0,23.0,0.0,1546.0,https://www.zh.ch/de/gesundheit/coronavirus.html,7781.0,36615.0,0.0,0.0
2021-12-03,14:30,ZH,0.0,173161,0.0,174.0,41.0,25.0,0.0,1548.0,https://www.zh.ch/de/gesundheit/coronavirus.html,7781.0,36615.0,0.0,0.0
2021-12-04,14:30,ZH,0.0,174543,0.0,186.0,42.0,28.0,0.0,1549.0,https://www.zh.ch/de/gesundheit/coronavirus.html,0.0,0.0,0.0,0.0
2021-12-05,14:30,ZH,0.0,175784,0.0,188.0,44.0,30.0,0.0,1549.0,https://www.zh.ch/de/gesundheit/coronavirus.html,0.0,0.0,0.0,0.0
2021-12-06,14:30,ZH,0.0,176773,0.0,203.0,43.0,27.0,0.0,1551.0,https://www.zh.ch/de/gesundheit/coronavirus.html,7781.0,36615.0,0.0,0.0
2021-12-07,14:30,ZH,0.0,178741,0.0,208.0,40.0,30.0,0.0,1554.0,https://www.zh.ch/de/gesundheit/coronavirus.html,9170.0,36347.0,0.0,0.0
2021-12-08,14:30,ZH,0.0,180468,0.0,205.0,43.0,27.0,0.0,1554.0,https://www.zh.ch/de/gesundheit/coronavirus.html,9170.0,36347.0,0.0,0.0
2021-12-09,14:30,ZH,0.0,182179,0.0,216.0,45.0,32.0,0.0,1558.0,https://www.zh.ch/de/gesundheit/coronavirus.html,9868.0,41698.0,0.0,0.0
2021-12-10,14:30,ZH,0.0,184074,0.0,221.0,42.0,32.0,0.0,1563.0,https://www.zh.ch/de/gesundheit/coronavirus.html,9868.0,41698.0,0.0,0.0
2021-12-11,14:30,ZH,0.0,185766,0.0,227.0,46.0,32.0,0.0,1563.0,https://www.zh.ch/de/gesundheit/coronavirus.html,0.0,0.0,0.0,0.0
2021-12-12,14:30,ZH,0.0,186738,0.0,235.0,49.0,35.0,0.0,1563.0,https://www.zh.ch/de/gesundheit/coronavirus.html,0.0,0.0,0.0,0.0
2021-12-13,14:30,ZH,0.0,187646,0.0,233.0,52.0,37.0,0.0,1568.0,https://www.zh.ch/de/gesundheit/coronavirus.html,9868.0,41698.0,0.0,0.0
2021-12-14,14:30,ZH,0.0,189178,0.0,223.0,51.0,38.0,0.0,1571.0,https://www.zh.ch/de/gesundheit/coronavirus.html,10316.0,39273.0,0.0,0.0
2021-12-15,14:30,ZH,0.0,191059,0.0,217.0,52.0,37.0,0.0,1581.0,https://www.zh.ch/de/gesundheit/coronavirus.html,10316.0,39273.0,0.0,0.0
2021-12-16,14:30,ZH,0.0,192538,0.0,212.0,51.0,40.0,0.0,1582.0,https://www.zh.ch/de/gesundheit/coronavirus.html,10865.0,39152.0,0.0,0.0
2021-12-17,14:30,ZH,0.0,194162,0.0,211.0,50.0,37.0,0.0,1586.0,https://www.zh.ch/de/gesundheit/coronavirus.html,10865.0,39152.0,0.0,0.0
2021-12-18,14:30,ZH,0.0,195468,0.0,204.0,48.0,35.0,0.0,1586.0,https://www.zh.ch/de/gesundheit/coronavirus.html,0.0,0.0,0.0,0.0
2021-12-19,14:30,ZH,0.0,196524,0.0,213.0,52.0,38.0,0.0,1586.0,https://www.zh.ch/de/gesundheit/coronavirus.html,0.0,0.0,0.0,0.0
2021-12-20,14:30,ZH,0.0,197315,0.0,219.0,55.0,42.0,0.0,1587.0,https://www.zh.ch/de/gesundheit/coronavirus.html,10865.0,39152.0,0.0,0.0
2021-12-21,14:30,ZH,0.0,198974,0.0,218.0,54.0,43.0,0.0,1592.0,https://www.zh.ch/de/gesundheit/coronavirus.html,9142.0,33537.0,0.0,0.0
2021-12-22,14:30,ZH,0.0,200963,0.0,200.0,58.0,43.0,0.0,1593.0,https://www.zh.ch/de/gesundheit/coronavirus.html,9142.0,33537.0,0.0,0.0
2021-12-23,14:30,ZH,0.0,202726,0.0,196.0,58.0,43.0,0.0,1596.0,https://www.zh.ch/de/gesundheit/coronavirus.html,10271.0,37252.0,0.0,0.0
2021-12-24,14:30,ZH,0.0,204798,0.0,196.0,58.0,41.0,0.0,1602.0,https://www.zh.ch/de/gesundheit/coronavirus.html,10271.0,37252.0,0.0,0.0
2021-12-25,14:30,ZH,0.0,206416,0.0,193.0,61.0,41.0,0.0,1602.0,https://www.zh.ch/de/gesundheit/coronavirus.html,0.0,0.0,0.0,0.0
2021-12-26,14:30,ZH,0.0,207315,0.0,205.0,62.0,40.0,0.0,1602.0,https://www.zh.ch/de/gesundheit/coronavirus.html,0.0,0.0,0.0,0.0
2021-12-27,14:30,ZH,0.0,208692,0.0,210.0,60.0,37.0,0.0,1608.0,https://www.zh.ch/de/gesundheit/coronavirus.html,10271.0,37252.0,0.0,0.0
2021-12-28,14:30,ZH,0.0,211167,0.0,198.0,56.0,37.0,0.0,1613.0,https://www.zh.ch/de/gesundheit/coronavirus.html,9096.0,38109.0,0.0,0.0
2021-12-29,14:30,ZH,0.0,213754,0.0,193.0,50.0,37.0,0.0,1615.0,https://www.zh.ch/de/gesundheit/coronavirus.html,9096.0,38109.0,0.0,0.0
2021-12-30,14:30,ZH,0.0,216214,0.0,175.0,48.0,39.0,0.0,1617.0,https://www.zh.ch/de/gesundheit/coronavirus.html,11024.0,46613.0,0.0,0.0
2021-12-31,14:30,ZH,0.0,218717,0.0,171.0,52.0,43.0,0.0,1619.0,https://www.zh.ch/de/gesundheit/coronavirus.html,11024.0,46613.0,0.0,0.0
2022-01-01,14:30,ZH,0.0,221115,0.0,179.0,50.0,39.0,0.0,1619.0,https://www.zh.ch/de/gesundheit/coronavirus.html,0.0,0.0,0.0,0.0
2022-01-02,14:30,ZH,0.0,222538,0.0,178.0,50.0,39.0,0.0,1619.0,https://www.zh.ch/de/gesundheit/coronavirus.html,0.0,0.0,0.0,0.0
2022-01-03,14:30,ZH,0.0,224857,0.0,182.0,54.0,40.0,0.0,1624.0,https://www.zh.ch/de/gesundheit/coronavirus.html,11024.0,46613.0,0.0,0.0
2022-01-04,14:30,ZH,0.0,227235,0.0,192.0,57.0,43.0,0.0,1626.0,https://www.zh.ch/de/gesundheit/coronavirus.html,11528.0,54456.0,0.0,0.0
2022-01-05,14:30,ZH,0.0,231561,0.0,195.0,58.0,43.0,0.0,1628.0,https://www.zh.ch/de/gesundheit/coronavirus.html,11528.0,54456.0,0.0,0.0
2022-01-06,14:30,ZH,0.0,236420,0.0,202.0,57.0,41.0,0.0,1628.0,https://www.zh.ch/de/gesundheit/coronavirus.html,15230.0,61152.0,0.0,0.0
2022-01-07,14:30,ZH,0.0,242053,0.0,215.0,56.0,39.0,0.0,1630.0,https://www.zh.ch/de/gesundheit/coronavirus.html,15230.0,61152.0,0.0,0.0
2022-01-08,14:30,ZH,0.0,246445,0.0,201.0,52.0,34.0,0.0,1631.0,https://www.zh.ch/de/gesundheit/coronavirus.html,0.0,0.0,0.0,0.0
2022-01-09,14:30,ZH,0.0,249394,0.0,207.0,53.0,37.0,0.0,1631.0,https://www.zh.ch/de/gesundheit/coronavirus.html,0.0,0.0,0.0,0.0
2022-01-10,14:30,ZH,0.0,252562,0.0,214.0,50.0,36.0,0.0,1632.0,https://www.zh.ch/de/gesundheit/coronavirus.html,15230.0,61152.0,0.0,0.0
2022-01-11,14:30,ZH,0.0,257136,0.0,197.0,55.0,36.0,0.0,1636.0,https://www.zh.ch/de/gesundheit/coronavirus.html,25997.0,80426.0,0.0,0.0
2022-01-12,14:30,ZH,0.0,262159,0.0,217.0,53.0,34.0,0.0,1636.0,https://www.zh.ch/de/gesundheit/coronavirus.html,25997.0,80426.0,0.0,0.0
2022-01-13,14:30,ZH,0.0,267103,0.0,227.0,60.0,38.0,0.0,1636.0,https://www.zh.ch/de/gesundheit/coronavirus.html,29023.0,87969.0,0.0,0.0
2022-01-14,14:30,ZH,0.0,272365,0.0,214.0,60.0,39.0,0.0,1641.0,https://www.zh.ch/de/gesundheit/coronavirus.html,29023.0,87969.0,0.0,0.0
2022-01-15,14:30,ZH,0.0,277033,0.0,227.0,59.0,39.0,0.0,1641.0,https://www.zh.ch/de/gesundheit/coronavirus.html,0.0,0.0,0.0,0.0
2022-01-16,14:30,ZH,0.0,280142,0.0,229.0,57.0,38.0,0.0,1641.0,https://www.zh.ch/de/gesundheit/coronavirus.html,0.0,0.0,0.0,0.0
2022-01-17,14:30,ZH,0.0,284171,0.0,237.0,57.0,38.0,0.0,1646.0,https://www.zh.ch/de/gesundheit/coronavirus.html,29023.0,87969.0,0.0,0.0
2022-01-18,14:30,ZH,0.0,289757,0.0,240.0,51.0,38.0,0.0,1647.0,https://www.zh.ch/de/gesundheit/coronavirus.html,27183.0,100577.0,0.0,0.0
2022-01-19,14:30,ZH,0.0,295999,0.0,216.0,55.0,34.0,0.0,1649.0,https://www.zh.ch/de/gesundheit/coronavirus.html,27183.0,100577.0,0.0,0.0
2022-01-20,14:30,ZH,0.0,302619,0.0,217.0,57.0,33.0,0.0,1650.0,https://www.zh.ch/de/gesundheit/coronavirus.html,11956.0,10741.0,0.0,0.0
2022-01-21,14:30,ZH,0.0,308848,0.0,223.0,54.0,33.0,0.0,1653.0,https://www.zh.ch/de/gesundheit/coronavirus.html,11956.0,10741.0,0.0,0.0
2022-01-22,14:30,ZH,0.0,314835,0.0,224.0,56.0,34.0,0.0,1653.0,https://www.zh.ch/de/gesundheit/coronavirus.html,0.0,0.0,0.0,0.0
2022-01-23,14:30,ZH,0.0,318614,0.0,235.0,54.0,33.0,0.0,1653.0,https://www.zh.ch/de/gesundheit/coronavirus.html,0.0,0.0,0.0,0.0
2022-01-24,14:30,ZH,0.0,323516,0.0,222.0,51.0,36.0,0.0,1658.0,https://www.zh.ch/de/gesundheit/coronavirus.html,11956.0,10741.0,0.0,0.0
2022-01-25,14:30,ZH,0.0,328573,0.0,234.0,50.0,36.0,0.0,1658.0,https://www.zh.ch/de/gesundheit/coronavirus.html,15989.0,14869.0,0.0,0.0
2022-01-26,14:30,ZH,0.0,334224,0.0,225.0,47.0,33.0,0.0,1659.0,https://www.zh.ch/de/gesundheit/coronavirus.html,15989.0,14869.0,0.0,0.0
2022-01-27,14:30,ZH,0.0,342942,0.0,218.0,42.0,30.0,0.0,1659.0,https://www.zh.ch/de/gesundheit/coronavirus.html,17484.0,14883.0,0.0,0.0
2022-01-28,14:30,ZH,0.0,350169,0.0,234.0,46.0,32.0,0.0,1659.0,https://www.zh.ch/de/gesundheit/coronavirus.html,17484.0,14883.0,0.0,0.0
2022-01-29,14:30,ZH,0.0,356278,0.0,230.0,44.0,34.0,0.0,1659.0,https://www.zh.ch/de/gesundheit/coronavirus.html,0.0,0.0,0.0,0.0
2022-01-30,14:30,ZH,0.0,359644,0.0,232.0,43.0,33.0,0.0,1659.0,https://www.zh.ch/de/gesundheit/coronavirus.html,0.0,0.0,0.0,0.0
2022-01-31,14:30,ZH,0.0,364469,0.0,247.0,45.0,30.0,0.0,1661.0,https://www.zh.ch/de/gesundheit/coronavirus.html,17484.0,14883.0,0.0,0.0
2022-02-01,14:30,ZH,0.0,371548,0.0,252.0,46.0,28.0,0.0,1664.0,https://www.zh.ch/de/gesundheit/coronavirus.html,15675.0,14549.0,0.0,0.0
2022-02-02,14:30,ZH,0.0,378419,0.0,239.0,48.0,30.0,0.0,1669.0,https://www.zh.ch/de/gesundheit/coronavirus.html,15675.0,14549.0,0.0,0.0
2022-02-03,14:30,ZH,0.0,383824,0.0,229.0,45.0,29.0,0.0,1671.0,https://www.zh.ch/de/gesundheit/coronavirus.html,18359.0,0.0,0.0,0.0
2022-02-04,14:30,ZH,0.0,389397,0.0,224.0,47.0,29.0,0.0,1674.0,https://www.zh.ch/de/gesundheit/coronavirus.html,18359.0,0.0,0.0,0.0
2022-02-05,14:30,ZH,0.0,393600,0.0,222.0,48.0,33.0,0.0,1674.0,https://www.zh.ch/de/gesundheit/coronavirus.html,0.0,0.0,0.0,0.0
2022-02-06,14:30,ZH,0.0,396630,0.0,232.0,53.0,38.0,0.0,1674.0,https://www.zh.ch/de/gesundheit/coronavirus.html,0.0,0.0,0.0,0.0
2022-02-07,14:30,ZH,0.0,400015,0.0,260.0,54.0,39.0,0.0,1678.0,https://www.zh.ch/de/gesundheit/coronavirus.html,18359.0,0.0,0.0,0.0
2022-02-08,14:30,ZH,0.0,405005,0.0,267.0,56.0,39.0,0.0,1678.0,https://www.zh.ch/de/gesundheit/coronavirus.html,11787.0,0.0,0.0,0.0
2022-02-09,14:30,ZH,0.0,410098,0.0,264.0,57.0,38.0,0.0,1679.0,https://www.zh.ch/de/gesundheit/coronavirus.html,11787.0,0.0,0.0,0.0
2022-02-10,14:30,ZH,0.0,414670,0.0,251.0,56.0,40.0,0.0,1681.0,https://www.zh.ch/de/gesundheit/coronavirus.html,13777.0,0.0,0.0,0.0
2022-02-11,14:30,ZH,0.0,418779,0.0,256.0,58.0,38.0,0.0,1686.0,https://www.zh.ch/de/gesundheit/coronavirus.html,13777.0,0.0,0.0,0.0
2022-02-12,14:30,ZH,0.0,422128,0.0,244.0,59.0,38.0,0.0,1686.0,https://www.zh.ch/de/gesundheit/coronavirus.html,0.0,0.0,0.0,0.0
2022-02-13,14:30,ZH,0.0,424748,0.0,245.0,57.0,39.0,0.0,1686.0,https://www.zh.ch/de/gesundheit/coronavirus.html,0.0,0.0,0.0,0.0
2022-02-14,14:30,ZH,0.0,427133,0.0,250.0,57.0,39.0,0.0,1690.0,https://www.zh.ch/de/gesundheit/coronavirus.html,13777.0,0.0,0.0,0.0
2022-02-15,14:30,ZH,0.0,430725,0.0,254.0,55.0,39.0,0.0,1693.0,https://www.zh.ch/de/gesundheit/coronavirus.html,9050.0,0.0,0.0,0.0
2022-02-16,14:30,ZH,0.0,434920,0.0,260.0,55.0,36.0,0.0,1693.0,https://www.zh.ch/de/gesundheit/coronavirus.html,9050.0,0.0,0.0,0.0
2022-02-17,14:30,ZH,0.0,438304,0.0,251.0,55.0,35.0,0.0,1695.0,https://www.zh.ch/de/gesundheit/coronavirus.html,9811.0,0.0,0.0,0.0
2022-02-18,14:30,ZH,0.0,441104,0.0,231.0,51.0,31.0,0.0,1696.0,https://www.zh.ch/de/gesundheit/coronavirus.html,9811.0,0.0,0.0,0.0
2022-02-19,14:30,ZH,0.0,443480,0.0,217.0,52.0,35.0,0.0,1696.0,https://www.zh.ch/de/gesundheit/coronavirus.html,0.0,0.0,0.0,0.0
2022-02-20,14:30,ZH,0.0,445260,0.0,232.0,52.0,34.0,0.0,1696.0,https://www.zh.ch/de/gesundheit/coronavirus.html,0.0,0.0,0.0,0.0
2022-02-21,14:30,ZH,0.0,447014,0.0,236.0,46.0,27.0,0.0,1697.0,https://www.zh.ch/de/gesundheit/coronavirus.html,9811.0,0.0,0.0,0.0
2022-02-22,14:30,ZH,0.0,450160,0.0,264.0,52.0,35.0,0.0,1698.0,https://www.zh.ch/de/gesundheit/coronavirus.html,6954.0,0.0,0.0,0.0
2022-02-23,14:30,ZH,0.0,453498,0.0,252.0,47.0,29.0,0.0,1702.0,https://www.zh.ch/de/gesundheit/coronavirus.html,6954.0,0.0,0.0,0.0
2022-02-24,14:30,ZH,0.0,456295,0.0,233.0,43.0,27.0,0.0,1703.0,https://www.zh.ch/de/gesundheit/coronavirus.html,8868.0,0.0,0.0,0.0
2022-02-25,14:30,ZH,0.0,458966,0.0,208.0,41.0,27.0,0.0,1706.0,https://www.zh.ch/de/gesundheit/coronavirus.html,8868.0,0.0,0.0,0.0
2022-02-26,14:30,ZH,0.0,461374,0.0,205.0,43.0,27.0,0.0,1706.0,https://www.zh.ch/de/gesundheit/coronavirus.html,0.0,0.0,0.0,0.0
2022-02-27,14:30,ZH,0.0,461924,0.0,215.0,48.0,26.0,0.0,1706.0,https://www.zh.ch/de/gesundheit/coronavirus.html,0.0,0.0,0.0,0.0
2022-02-28,14:30,ZH,0.0,464551,0.0,217.0,47.0,26.0,0.0,1708.0,https://www.zh.ch/de/gesundheit/coronavirus.html,8868.0,0.0,0.0,0.0
2022-03-01,14:30,ZH,0.0,469302,0.0,213.0,41.0,26.0,0.0,1711.0,https://www.zh.ch/de/gesundheit/coronavirus.html,8407.0,0.0,0.0,0.0
2022-03-02,14:30,ZH,0.0,473178,0.0,215.0,41.0,28.0,0.0,1715.0,https://www.zh.ch/de/gesundheit/coronavirus.html,8407.0,0.0,0.0,0.0
2022-03-03,14:30,ZH,0.0,477250,0.0,205.0,41.0,27.0,0.0,1717.0,https://www.zh.ch/de/gesundheit/coronavirus.html,11940.0,0.0,0.0,0.0
2022-03-04,14:30,ZH,0.0,481145,0.0,213.0,43.0,32.0,0.0,1720.0,https://www.zh.ch/de/gesundheit/coronavirus.html,11940.0,0.0,0.0,0.0
2022-03-05,14:30,ZH,0.0,484791,0.0,226.0,44.0,31.0,0.0,1720.0,https://www.zh.ch/de/gesundheit/coronavirus.html,0.0,0.0,0.0,0.0
2022-03-06,14:30,ZH,0.0,487884,0.0,225.0,46.0,33.0,0.0,1720.0,https://www.zh.ch/de/gesundheit/coronavirus.html,0.0,0.0,0.0,0.0
2022-03-07,14:30,ZH,0.0,491222,0.0,259.0,49.0,33.0,0.0,1722.0,https://www.zh.ch/de/gesundheit/coronavirus.html,11940.0,0.0,0.0,0.0
2022-03-08,14:30,ZH,0.0,497157,0.0,272.0,55.0,33.0,0.0,1722.0,https://www.zh.ch/de/gesundheit/coronavirus.html,12867.0,0.0,0.0,0.0
2022-03-09,14:30,ZH,0.0,503183,0.0,265.0,52.0,33.0,0.0,1726.0,https://www.zh.ch/de/gesundheit/coronavirus.html,12867.0,0.0,0.0,0.0
2022-03-10,14:30,ZH,0.0,509951,0.0,265.0,50.0,32.0,0.0,1728.0,https://www.zh.ch/de/gesundheit/coronavirus.html,18509.0,0.0,0.0,0.0
2022-03-11,14:30,ZH,0.0,515851,0.0,264.0,44.0,30.0,0.0,1729.0,https://www.zh.ch/de/gesundheit/coronavirus.html,18509.0,0.0,0.0,0.0
2022-03-12,14:30,ZH,0.0,521033,0.0,244.0,45.0,31.0,0.0,1729.0,https://www.zh.ch/de/gesundheit/coronavirus.html,0.0,0.0,0.0,0.0
2022-03-13,14:30,ZH,0.0,525106,0.0,266.0,48.0,32.0,0.0,1729.0,https://www.zh.ch/de/gesundheit/coronavirus.html,0.0,0.0,0.0,0.0
2022-03-14,14:30,ZH,0.0,529916,0.0,299.0,52.0,32.0,0.0,1730.0,https://www.zh.ch/de/gesundheit/coronavirus.html,18509.0,0.0,0.0,0.0
2022-03-15,14:30,ZH,0.0,535962,0.0,316.0,52.0,33.0,0.0,1731.0,https://www.zh.ch/de/gesundheit/coronavirus.html,16236.0,0.0,0.0,0.0
2022-03-16,14:30,ZH,0.0,544657,0.0,328.0,48.0,36.0,0.0,1733.0,https://www.zh.ch/de/gesundheit/coronavirus.html,16236.0,0.0,0.0,0.0
2022-03-17,14:30,ZH,0.0,552846,0.0,325.0,49.0,34.0,0.0,1735.0,https://www.zh.ch/de/gesundheit/coronavirus.html,22738.0,0.0,0.0,0.0
2022-03-18,14:30,ZH,0.0,559680,0.0,333.0,43.0,31.0,0.0,1738.0,https://www.zh.ch/de/gesundheit/coronavirus.html,22738.0,0.0,0.0,0.0
2022-03-19,14:30,ZH,0.0,564583,0.0,338.0,40.0,23.0,0.0,1738.0,https://www.zh.ch/de/gesundheit/coronavirus.html,0.0,0.0,0.0,0.0
2022-03-20,14:30,ZH,0.0,566749,0.0,354.0,39.0,21.0,0.0,1738.0,https://www.zh.ch/de/gesundheit/coronavirus.html,0.0,0.0,0.0,0.0
2022-03-21,14:30,ZH,0.0,572146,0.0,382.0,41.0,23.0,0.0,1741.0,https://www.zh.ch/de/gesundheit/coronavirus.html,22738.0,0.0,0.0,0.0
2022-03-22,14:30,ZH,0.0,578726,0.0,398.0,48.0,25.0,0.0,1746.0,https://www.zh.ch/de/gesundheit/coronavirus.html,15398.0,0.0,0.0,0.0
2022-03-23,14:30,ZH,0.0,584730,0.0,400.0,43.0,21.0,0.0,1750.0,https://www.zh.ch/de/gesundheit/coronavirus.html,15398.0,0.0,0.0,0.0
2022-03-24,14:30,ZH,0.0,589381,0.0,364.0,42.0,17.0,0.0,1751.0,https://www.zh.ch/de/gesundheit/coronavirus.html,17873.0,0.0,0.0,0.0
2022-03-25,14:30,ZH,0.0,593360,0.0,360.0,40.0,16.0,0.0,1756.0,https://www.zh.ch/de/gesundheit/coronavirus.html,17873.0,0.0,0.0,0.0
2022-03-26,14:30,ZH,0.0,597126,0.0,336.0,45.0,21.0,0.0,1756.0,https://www.zh.ch/de/gesundheit/coronavirus.html,0.0,0.0,0.0,0.0
2022-03-27,14:30,ZH,0.0,599272,0.0,324.0,47.0,17.0,0.0,1756.0,https://www.zh.ch/de/gesundheit/coronavirus.html,0.0,0.0,0.0,0.0
2022-03-28,14:30,ZH,0.0,601020,0.0,340.0,40.0,17.0,0.0,1759.0,https://www.zh.ch/de/gesundheit/coronavirus.html,17873.0,0.0,0.0,0.0
2022-03-29,14:30,ZH,0.0,604761,0.0,332.0,41.0,15.0,0.0,1761.0,https://www.zh.ch/de/gesundheit/coronavirus.html,9686.0,0.0,0.0,0.0
2022-03-30,14:30,ZH,0.0,608272,0.0,344.0,40.0,16.0,0.0,1764.0,https://www.zh.ch/de/gesundheit/coronavirus.html,9686.0,0.0,0.0,0.0
2022-03-31,14:30,ZH,0.0,610859,0.0,360.0,46.0,15.0,0.0,1766.0,https://www.zh.ch/de/gesundheit/coronavirus.html,10146.0,0.0,0.0,0.0
2022-04-01,14:30,ZH,0.0,612825,0.0,342.0,39.0,16.0,0.0,1768.0,https://www.zh.ch/de/gesundheit/coronavirus.html,0.0,0.0,0.0,0.0
2022-04-02,14:30,ZH,0.0,614181,0.0,275.0,35.0,16.0,0.0,1768.0,https://www.zh.ch/de/gesundheit/coronavirus.html,0.0,0.0,0.0,0.0
2022-04-03,14:30,ZH,0.0,615368,0.0,276.0,36.0,17.0,0.0,1768.0,https://www.zh.ch/de/gesundheit/coronavirus.html,0.0,0.0,0.0,0.0
2022-04-04,14:30,ZH,0.0,616315,0.0,267.0,35.0,16.0,0.0,1768.0,https://www.zh.ch/de/gesundheit/coronavirus.html,0.0,0.0,0.0,0.0
2022-04-05,14:30,ZH,0.0,617858,0.0,243.0,28.0,16.0,0.0,1769.0,https://www.zh.ch/de/gesundheit/coronavirus.html,0.0,0.0,0.0,0.0
2022-04-06,14:30,ZH,0.0,619664,0.0,244.0,30.0,19.0,0.0,1771.0,https://www.zh.ch/de/gesundheit/coronavirus.html,0.0,0.0,0.0,0.0
2022-04-07,14:30,ZH,0.0,621356,0.0,246.0,28.0,21.0,0.0,1774.0,https://www.zh.ch/de/gesundheit/coronavirus.html,0.0,0.0,0.0,0.0
2022-04-08,14:30,ZH,0.0,622517,0.0,236.0,29.0,18.0,0.0,1774.0,https://www.zh.ch/de/gesundheit/coronavirus.html,0.0,0.0,0.0,0.0
2022-04-09,14:30,ZH,0.0,623747,0.0,225.0,24.0,14.0,0.0,1774.0,https://www.zh.ch/de/gesundheit/coronavirus.html,0.0,0.0,0.0,0.0
2022-04-10,14:30,ZH,0.0,624349,0.0,212.0,25.0,18.0,0.0,1774.0,https://www.zh.ch/de/gesundheit/coronavirus.html,0.0,0.0,0.0,0.0
2022-04-11,14:30,ZH,0.0,625388,0.0,216.0,27.0,17.0,0.0,1778.0,https://www.zh.ch/de/gesundheit/coronavirus.html,0.0,0.0,0.0,0.0
2022-04-12,14:30,ZH,0.0,626878,0.0,213.0,26.0,17.0,0.0,1779.0,https://www.zh.ch/de/gesundheit/coronavirus.html,0.0,0.0,0.0,0.0
2022-04-13,14:30,ZH,0.0,628226,0.0,209.0,28.0,17.0,0.0,1782.0,https://www.zh.ch/de/gesundheit/coronavirus.html,0.0,0.0,0.0,0.0
2022-04-14,14:30,ZH,0.0,629493,0.0,199.0,27.0,17.0,0.0,1782.0,https://www.zh.ch/de/gesundheit/coronavirus.html,0.0,0.0,0.0,0.0
2022-04-15,14:30,ZH,0.0,630556,0.0,177.0,27.0,18.0,0.0,1782.0,https://www.zh.ch/de/gesundheit/coronavirus.html,0.0,0.0,0.0,0.0
2022-04-16,14:30,ZH,0.0,631115,0.0,183.0,27.0,15.0,0.0,1782.0,https://www.zh.ch/de/gesundheit/coronavirus.html,0.0,0.0,0.0,0.0
2022-04-17,14:30,ZH,0.0,631751,0.0,182.0,29.0,14.0,0.0,1782.0,https://www.zh.ch/de/gesundheit/coronavirus.html,0.0,0.0,0.0,0.0
2022-04-18,14:30,ZH,0.0,632404,0.0,178.0,25.0,15.0,0.0,1782.0,https://www.zh.ch/de/gesundheit/coronavirus.html,0.0,0.0,0.0,0.0
2022-04-19,14:30,ZH,0.0,632906,0.0,166.0,24.0,13.0,0.0,1784.0,https://www.zh.ch/de/gesundheit/coronavirus.html,0.0,0.0,0.0,0.0
2022-04-20,14:30,ZH,0.0,634023,0.0,199.0,28.0,13.0,0.0,1786.0,https://www.zh.ch/de/gesundheit/coronavirus.html,0.0,0.0,0.0,0.0
2022-04-21,14:30,ZH,0.0,634886,0.0,186.0,27.0,11.0,0.0,1788.0,https://www.zh.ch/de/gesundheit/coronavirus.html,0.0,0.0,0.0,0.0
2022-04-22,14:30,ZH,0.0,635580,0.0,177.0,27.0,10.0,0.0,1788.0,https://www.zh.ch/de/gesundheit/coronavirus.html,0.0,0.0,0.0,0.0
2022-04-23,14:30,ZH,0.0,636261,0.0,165.0,25.0,13.0,0.0,1788.0,https://www.zh.ch/de/gesundheit/coronavirus.html,0.0,0.0,0.0,0.0
2022-04-24,14:30,ZH,0.0,636748,0.0,162.0,21.0,12.0,0.0,1788.0,https://www.zh.ch/de/gesundheit/coronavirus.html,0.0,0.0,0.0,0.0
2022-04-25,14:30,ZH,0.0,637158,0.0,170.0,21.0,13.0,0.0,1791.0,https://www.zh.ch/de/gesundheit/coronavirus.html,0.0,0.0,0.0,0.0
2022-04-26,14:30,ZH,0.0,637851,0.0,167.0,21.0,11.0,0.0,1793.0,https://www.zh.ch/de/gesundheit/coronavirus.html,0.0,0.0,0.0,0.0
2022-04-27,14:30,ZH,0.0,638456,0.0,172.0,21.0,9.0,0.0,1793.0,https://www.zh.ch/de/gesundheit/coronavirus.html,0.0,0.0,0.0,0.0
2022-04-28,14:30,ZH,0.0,639151,0.0,145.0,19.0,10.0,0.0,1793.0,https://www.zh.ch/de/gesundheit/coronavirus.html,0.0,0.0,0.0,0.0
2022-04-29,14:30,ZH,0.0,639730,0.0,140.0,19.0,8.0,0.0,1793.0,https://www.zh.ch/de/gesundheit/coronavirus.html,0.0,0.0,0.0,0.0
2022-04-30,14:30,ZH,0.0,640321,0.0,131.0,23.0,9.0,0.0,1793.0,https://www.zh.ch/de/gesundheit/coronavirus.html,0.0,0.0,0.0,0.0
2022-05-01,14:30,ZH,0.0,640669,0.0,127.0,21.0,10.0,0.0,1793.0,https://www.zh.ch/de/gesundheit/coronavirus.html,0.0,0.0,0.0,0.0
2022-05-02,14:30,ZH,0.0,641029,0.0,134.0,23.0,9.0,0.0,1795.0,https://www.zh.ch/de/gesundheit/coronavirus.html,0.0,0.0,0.0,0.0
2022-05-03,14:30,ZH,0.0,641651,0.0,134.0,25.0,10.0,0.0,1795.0,https://www.zh.ch/de/gesundheit/coronavirus.html,0.0,0.0,0.0,0.0
2022-05-04,14:30,ZH,0.0,642181,0.0,133.0,27.0,10.0,0.0,1795.0,https://www.zh.ch/de/gesundheit/coronavirus.html,0.0,0.0,0.0,0.0
2022-05-05,14:30,ZH,0.0,642712,0.0,131.0,27.0,10.0,0.0,1796.0,https://www.zh.ch/de/gesundheit/coronavirus.html,0.0,0.0,0.0,0.0
2022-05-06,14:30,ZH,0.0,643096,0.0,135.0,28.0,11.0,0.0,1796.0,https://www.zh.ch/de/gesundheit/coronavirus.html,0.0,0.0,0.0,0.0
2022-05-07,14:30,ZH,0.0,643463,0.0,123.0,27.0,12.0,0.0,1796.0,https://www.zh.ch/de/gesundheit/coronavirus.html,0.0,0.0,0.0,0.0
2022-05-08,14:30,ZH,0.0,643799,0.0,122.0,24.0,10.0,0.0,1796.0,https://www.zh.ch/de/gesundheit/coronavirus.html,0.0,0.0,0.0,0.0
2022-05-09,14:30,ZH,0.0,644077,0.0,124.0,23.0,9.0,0.0,1796.0,https://www.zh.ch/de/gesundheit/coronavirus.html,0.0,0.0,0.0,0.0
2022-05-10,14:30,ZH,0.0,644587,0.0,115.0,19.0,8.0,0.0,1796.0,https://www.zh.ch/de/gesundheit/coronavirus.html,0.0,0.0,0.0,0.0
2022-05-11,14:30,ZH,0.0,645000,0.0,113.0,21.0,7.0,0.0,1799.0,https://www.zh.ch/de/gesundheit/coronavirus.html,0.0,0.0,0.0,0.0
2022-05-12,14:30,ZH,0.0,645446,0.0,103.0,18.0,6.0,0.0,1799.0,https://www.zh.ch/de/gesundheit/coronavirus.html,0.0,0.0,0.0,0.0
2022-05-13,14:30,ZH,0.0,645868,0.0,63.0,8.0,5.0,0.0,1799.0,https://www.zh.ch/de/gesundheit/coronavirus.html,0.0,0.0,0.0,0.0
2022-05-14,14:30,ZH,0.0,646168,0.0,60.0,11.0,4.0,0.0,1799.0,https://www.zh.ch/de/gesundheit/coronavirus.html,0.0,0.0,0.0,0.0
2022-05-15,14:30,ZH,0.0,646410,0.0,60.0,15.0,5.0,0.0,1799.0,https://www.zh.ch/de/gesundheit/coronavirus.html,0.0,0.0,0.0,0.0
2022-05-16,14:30,ZH,0.0,646641,0.0,68.0,17.0,5.0,0.0,1799.0,https://www.zh.ch/de/gesundheit/coronavirus.html,0.0,0.0,0.0,0.0
2022-05-17,14:30,ZH,0.0,646935,0.0,57.0,9.0,6.0,0.0,1799.0,https://www.zh.ch/de/gesundheit/coronavirus.html,0.0,0.0,0.0,0.0
2022-05-18,14:30,ZH,0.0,647240,0.0,49.0,8.0,5.0,0.0,1799.0,https://www.zh.ch/de/gesundheit/coronavirus.html,0.0,0.0,0.0,0.0
2022-05-19,14:30,ZH,0.0,647617,0.0,47.0,7.0,4.0,0.0,1799.0,https://www.zh.ch/de/gesundheit/coronavirus.html,0.0,0.0,0.0,0.0
2022-05-20,14:30,ZH,0.0,647863,0.0,53.0,10.0,6.0,0.0,1799.0,https://www.zh.ch/de/gesundheit/coronavirus.html,0.0,0.0,0.0,0.0
2022-05-21,14:30,ZH,0.0,648113,0.0,50.0,11.0,6.0,0.0,1799.0,https://www.zh.ch/de/gesundheit/coronavirus.html,0.0,0.0,0.0,0.0
2022-05-22,14:30,ZH,0.0,648302,0.0,49.0,10.0,5.0,0.0,1799.0,https://www.zh.ch/de/gesundheit/coronavirus.html,0.0,0.0,0.0,0.0
2022-05-23,14:30,ZH,0.0,648457,0.0,54.0,9.0,5.0,0.0,1799.0,https://www.zh.ch/de/gesundheit/coronavirus.html,0.0,0.0,0.0,0.0
2022-05-24,14:30,ZH,0.0,648763,0.0,54.0,7.0,5.0,0.0,1801.0,https://www.zh.ch/de/gesundheit/coronavirus.html,0.0,0.0,0.0,0.0
2022-05-25,14:30,ZH,0.0,649087,0.0,45.0,4.0,4.0,0.0,1801.0,https://www.zh.ch/de/gesundheit/coronavirus.html,0.0,0.0,0.0,0.0
2022-05-26,14:30,ZH,0.0,649352,0.0,47.0,3.0,3.0,0.0,1801.0,https://www.zh.ch/de/gesundheit/coronavirus.html,0.0,0.0,0.0,0.0
2022-05-27,14:30,ZH,0.0,649528,0.0,39.0,4.0,3.0,0.0,1802.0,https://www.zh.ch/de/gesundheit/coronavirus.html,0.0,0.0,0.0,0.0
2022-05-28,14:30,ZH,0.0,649766,0.0,37.0,4.0,3.0,0.0,1802.0,https://www.zh.ch/de/gesundheit/coronavirus.html,0.0,0.0,0.0,0.0
2022-05-29,14:30,ZH,0.0,649946,0.0,27.0,1.0,0.0,0.0,1802.0,https://www.zh.ch/de/gesundheit/coronavirus.html,0.0,0.0,0.0,0.0
2022-05-30,14:30,ZH,0.0,650166,0.0,28.0,2.0,0.0,0.0,1802.0,https://www.zh.ch/de/gesundheit/coronavirus.html,0.0,0.0,0.0,0.0
2022-05-31,14:30,ZH,0.0,650587,0.0,28.0,3.0,0.0,0.0,1802.0,https://www.zh.ch/de/gesundheit/coronavirus.html,0.0,0.0,0.0,0.0
2022-06-01,14:30,ZH,0.0,650982,0.0,33.0,3.0,0.0,0.0,1802.0,https://www.zh.ch/de/gesundheit/coronavirus.html,0.0,0.0,0.0,0.0
2022-06-02,14:30,ZH,0.0,651401,0.0,33.0,1.0,0.0,0.0,1803.0,https://www.zh.ch/de/gesundheit/coronavirus.html,0.0,0.0,0.0,0.0
2022-06-03,14:30,ZH,0.0,651768,0.0,34.0,1.0,0.0,0.0,1803.0,https://www.zh.ch/de/gesundheit/coronavirus.html,0.0,0.0,0.0,0.0
2022-06-04,14:30,ZH,0.0,652133,0.0,35.0,1.0,0.0,0.0,1803.0,https://www.zh.ch/de/gesundheit/coronavirus.html,0.0,0.0,0.0,0.0
2022-06-05,14:30,ZH,0.0,652438,0.0,35.0,1.0,0.0,0.0,1803.0,https://www.zh.ch/de/gesundheit/coronavirus.html,0.0,0.0,0.0,0.0
2022-06-06,14:30,ZH,0.0,652829,0.0,36.0,2.0,0.0,0.0,1803.0,https://www.zh.ch/de/gesundheit/coronavirus.html,0.0,0.0,0.0,0.0
2022-06-07,14:30,ZH,0.0,653171,0.0,40.0,2.0,0.0,0.0,1803.0,https://www.zh.ch/de/gesundheit/coronavirus.html,0.0,0.0,0.0,0.0
2022-06-08,14:30,ZH,0.0,653834,0.0,38.0,3.0,1.0,0.0,1803.0,https://www.zh.ch/de/gesundheit/coronavirus.html,0.0,0.0,0.0,0.0
2022-06-09,14:30,ZH,0.0,654570,0.0,37.0,2.0,1.0,0.0,1803.0,https://www.zh.ch/de/gesundheit/coronavirus.html,0.0,0.0,0.0,0.0
2022-06-10,14:30,ZH,0.0,655170,0.0,37.0,2.0,1.0,0.0,1803.0,https://www.zh.ch/de/gesundheit/coronavirus.html,0.0,0.0,0.0,0.0
2022-06-11,14:30,ZH,0.0,655728,0.0,50.0,5.0,3.0,0.0,1803.0,https://www.zh.ch/de/gesundheit/coronavirus.html,0.0,0.0,0.0,0.0
2022-06-12,14:30,ZH,0.0,656127,0.0,56.0,7.0,4.0,0.0,1803.0,https://www.zh.ch/de/gesundheit/coronavirus.html,0.0,0.0,0.0,0.0
2022-06-13,14:30,ZH,0.0,656683,0.0,44.0,4.0,1.0,0.0,1803.0,https://www.zh.ch/de/gesundheit/coronavirus.html,0.0,0.0,0.0,0.0
2022-06-14,14:30,ZH,0.0,657562,0.0,62.0,7.0,1.0,0.0,1803.0,https://www.zh.ch/de/gesundheit/coronavirus.html,0.0,0.0,0.0,0.0
2022-06-15,14:30,ZH,0.0,658348,0.0,63.0,7.0,1.0,0.0,1803.0,https://www.zh.ch/de/gesundheit/coronavirus.html,0.0,0.0,0.0,0.0
2022-06-16,14:30,ZH,0.0,659339,0.0,73.0,4.0,3.0,0.0,1803.0,https://www.zh.ch/de/gesundheit/coronavirus.html,0.0,0.0,0.0,0.0
2022-06-17,14:30,ZH,0.0,660292,0.0,69.0,5.0,4.0,0.0,1803.0,https://www.zh.ch/de/gesundheit/coronavirus.html,0.0,0.0,0.0,0.0
2022-06-18,14:30,ZH,0.0,661028,0.0,114.0,5.0,4.0,0.0,1803.0,https://www.zh.ch/de/gesundheit/coronavirus.html,0.0,0.0,0.0,0.0
2022-06-19,14:30,ZH,0.0,661299,0.0,88.0,5.0,4.0,0.0,1803.0,https://www.zh.ch/de/gesundheit/coronavirus.html,0.0,0.0,0.0,0.0
2022-06-20,14:30,ZH,0.0,662292,0.0,112.0,5.0,4.0,0.0,1803.0,https://www.zh.ch/de/gesundheit/coronavirus.html,0.0,0.0,0.0,0.0
2022-06-21,14:30,ZH,0.0,663352,0.0,130.0,3.0,3.0,0.0,1803.0,https://www.zh.ch/de/gesundheit/coronavirus.html,0.0,0.0,0.0,0.0
2022-06-22,14:30,ZH,0.0,664512,0.0,134.0,4.0,3.0,0.0,1803.0,https://www.zh.ch/de/gesundheit/coronavirus.html,0.0,0.0,0.0,0.0
2022-06-23,14:30,ZH,0.0,665717,0.0,133.0,5.0,4.0,0.0,1803.0,https://www.zh.ch/de/gesundheit/coronavirus.html,0.0,0.0,0.0,0.0
2022-06-24,14:30,ZH,0.0,666823,0.0,122.0,6.0,4.0,0.0,1803.0,https://www.zh.ch/de/gesundheit/coronavirus.html,0.0,0.0,0.0,0.0
2022-06-25,14:30,ZH,0.0,667036,0.0,114.0,5.0,4.0,0.0,1803.0,https://www.zh.ch/de/gesundheit/coronavirus.html,0.0,0.0,0.0,0.0
2022-06-26,14:30,ZH,0.0,668489,0.0,114.0,6.0,5.0,0.0,1803.0,https://www.zh.ch/de/gesundheit/coronavirus.html,0.0,0.0,0.0,0.0
2022-06-27,14:30,ZH,0.0,669201,0.0,117.0,3.0,3.0,0.0,1803.0,https://www.zh.ch/de/gesundheit/coronavirus.html,0.0,0.0,0.0,0.0
2022-06-28,14:30,ZH,0.0,670613,0.0,124.0,3.0,2.0,0.0,1806.0,https://www.zh.ch/de/gesundheit/coronavirus.html,0.0,0.0,0.0,0.0
2022-06-29,14:30,ZH,0.0,672408,0.0,129.0,5.0,3.0,0.0,1807.0,https://www.zh.ch/de/gesundheit/coronavirus.html,0.0,0.0,0.0,0.0
2022-06-30,14:30,ZH,0.0,673863,0.0,127.0,7.0,3.0,0.0,1808.0,https://www.zh.ch/de/gesundheit/coronavirus.html,0.0,0.0,0.0,0.0
2022-07-01,14:30,ZH,0.0,675772,0.0,129.0,7.0,3.0,0.0,1809.0,https://www.zh.ch/de/gesundheit/coronavirus.html,0.0,0.0,0.0,0.0
2022-07-02,14:30,ZH,0.0,676923,0.0,130.0,5.0,3.0,0.0,1809.0,https://www.zh.ch/de/gesundheit/coronavirus.html,0.0,0.0,0.0,0.0
2022-07-03,14:30,ZH,0.0,678306,0.0,135.0,5.0,3.0,0.0,1809.0,https://www.zh.ch/de/gesundheit/coronavirus.html,0.0,0.0,0.0,0.0
2022-07-04,14:30,ZH,0.0,679292,0.0,153.0,5.0,3.0,0.0,1809.0,https://www.zh.ch/de/gesundheit/coronavirus.html,0.0,0.0,0.0,0.0
2022-07-05,14:30,ZH,0.0,681069,0.0,151.0,5.0,3.0,0.0,1810.0,https://www.zh.ch/de/gesundheit/coronavirus.html,0.0,0.0,0.0,0.0
2022-07-06,14:30,ZH,0.0,683634,0.0,150.0,6.0,4.0,0.0,1810.0,https://www.zh.ch/de/gesundheit/coronavirus.html,0.0,0.0,0.0,0.0
2022-07-07,14:30,ZH,0.0,685885,0.0,150.0,8.0,4.0,0.0,1810.0,https://www.zh.ch/de/gesundheit/coronavirus.html,0.0,0.0,0.0,0.0
2022-07-08,14:30,ZH,0.0,688103,0.0,154.0,8.0,4.0,0.0,1810.0,https://www.zh.ch/de/gesundheit/coronavirus.html,0.0,0.0,0.0,0.0
2022-07-09,14:30,ZH,0.0,689226,0.0,173.0,7.0,4.0,0.0,1810.0,https://www.zh.ch/de/gesundheit/coronavirus.html,0.0,0.0,0.0,0.0
2022-07-10,14:30,ZH,0.0,690999,0.0,174.0,8.0,4.0,0.0,1810.0,https://www.zh.ch/de/gesundheit/coronavirus.html,0.0,0.0,0.0,0.0
2022-07-11,14:30,ZH,0.0,691927,0.0,175.0,9.0,5.0,0.0,1810.0,https://www.zh.ch/de/gesundheit/coronavirus.html,0.0,0.0,0.0,0.0
2022-07-12,14:30,ZH,0.0,694048,0.0,173.0,5.0,3.0,0.0,1811.0,https://www.zh.ch/de/gesundheit/coronavirus.html,0.0,0.0,0.0,0.0
2022-07-13,14:30,ZH,0.0,696368,0.0,182.0,6.0,3.0,0.0,1812.0,https://www.zh.ch/de/gesundheit/coronavirus.html,0.0,0.0,0.0,0.0
2022-07-14,14:30,ZH,0.0,698333,0.0,181.0,5.0,3.0,0.0,1814.0,https://www.zh.ch/de/gesundheit/coronavirus.html,0.0,0.0,0.0,0.0
2022-07-15,14:30,ZH,0.0,700009,0.0,183.0,5.0,1.0,0.0,1814.0,https://www.zh.ch/de/gesundheit/coronavirus.html,0.0,0.0,0.0,0.0
2022-07-16,14:30,ZH,0.0,701089,0.0,164.0,4.0,1.0,0.0,1814.0,https://www.zh.ch/de/gesundheit/coronavirus.html,0.0,0.0,0.0,0.0
2022-07-17,14:30,ZH,0.0,702790,0.0,168.0,4.0,1.0,0.0,1814.0,https://www.zh.ch/de/gesundheit/coronavirus.html,0.0,0.0,0.0,0.0
2022-07-18,14:30,ZH,0.0,703813,0.0,195.0,8.0,3.0,0.0,1814.0,https://www.zh.ch/de/gesundheit/coronavirus.html,0.0,0.0,0.0,0.0
2022-07-19,14:30,ZH,0.0,705096,0.0,190.0,9.0,4.0,0.0,1818.0,https://www.zh.ch/de/gesundheit/coronavirus.html,0.0,0.0,0.0,0.0
2022-07-20,14:30,ZH,0.0,706973,0.0,201.0,8.0,3.0,0.0,1820.0,https://www.zh.ch/de/gesundheit/coronavirus.html,0.0,0.0,0.0,0.0
2022-07-21,14:30,ZH,0.0,708606,0.0,180.0,8.0,2.0,0.0,1822.0,https://www.zh.ch/de/gesundheit/coronavirus.html,0.0,0.0,0.0,0.0
2022-07-22,14:30,ZH,0.0,710064,0.0,181.0,10.0,3.0,0.0,1822.0,https://www.zh.ch/de/gesundheit/coronavirus.html,0.0,0.0,0.0,0.0
2022-07-23,14:30,ZH,0.0,710442,0.0,192.0,12.0,5.0,0.0,1822.0,https://www.zh.ch/de/gesundheit/coronavirus.html,0.0,0.0,0.0,0.0
2022-07-24,14:30,ZH,0.0,711680,0.0,193.0,12.0,5.0,0.0,1822.0,https://www.zh.ch/de/gesundheit/coronavirus.html,0.0,0.0,0.0,0.0
2022-07-25,14:30,ZH,0.0,712309,0.0,199.0,14.0,7.0,0.0,1823.0,https://www.zh.ch/de/gesundheit/coronavirus.html,0.0,0.0,0.0,0.0
2022-07-26,14:30,ZH,0.0,713466,0.0,175.0,11.0,6.0,0.0,1823.0,https://www.zh.ch/de/gesundheit/coronavirus.html,0.0,0.0,0.0,0.0
2022-07-27,14:30,ZH,0.0,714533,0.0,169.0,9.0,5.0,0.0,1828.0,https://www.zh.ch/de/gesundheit/coronavirus.html,0.0,0.0,0.0,0.0
2022-07-28,14:30,ZH,0.0,715386,0.0,162.0,11.0,6.0,0.0,1829.0,https://www.zh.ch/de/gesundheit/coronavirus.html,0.0,0.0,0.0,0.0
2022-07-29,14:30,ZH,0.0,716074,0.0,148.0,11.0,6.0,0.0,1832.0,https://www.zh.ch/de/gesundheit/coronavirus.html,0.0,0.0,0.0,0.0
2022-07-30,14:30,ZH,0.0,716785,0.0,146.0,8.0,6.0,0.0,1832.0,https://www.zh.ch/de/gesundheit/coronavirus.html,0.0,0.0,0.0,0.0
2022-07-31,14:30,ZH,0.0,717161,0.0,145.0,7.0,5.0,0.0,1832.0,https://www.zh.ch/de/gesundheit/coronavirus.html,0.0,0.0,0.0,0.0
2022-08-01,14:30,ZH,0.0,717507,0.0,151.0,7.0,5.0,0.0,1832.0,https://www.zh.ch/de/gesundheit/coronavirus.html,0.0,0.0,0.0,0.0
2022-08-02,14:30,ZH,0.0,718066,0.0,162.0,7.0,4.0,0.0,1832.0,https://www.zh.ch/de/gesundheit/coronavirus.html,0.0,0.0,0.0,0.0
2022-08-03,14:30,ZH,0.0,718818,0.0,135.0,8.0,6.0,0.0,1835.0,https://www.zh.ch/de/gesundheit/coronavirus.html,0.0,0.0,0.0,0.0
2022-08-04,14:30,ZH,0.0,719400,0.0,129.0,8.0,6.0,0.0,1839.0,https://www.zh.ch/de/gesundheit/coronavirus.html,0.0,0.0,0.0,0.0
2022-08-05,14:30,ZH,0.0,720134,0.0,122.0,8.0,5.0,0.0,1839.0,https://www.zh.ch/de/gesundheit/coronavirus.html,0.0,0.0,0.0,0.0
2022-08-06,14:30,ZH,0.0,720698,0.0,107.0,9.0,6.0,0.0,1839.0,https://www.zh.ch/de/gesundheit/coronavirus.html,0.0,0.0,0.0,0.0
2022-08-07,14:30,ZH,0.0,720978,0.0,111.0,12.0,9.0,0.0,1839.0,https://www.zh.ch/de/gesundheit/coronavirus.html,0.0,0.0,0.0,0.0
2022-08-08,14:30,ZH,0.0,721634,0.0,109.0,8.0,4.0,0.0,1840.0,https://www.zh.ch/de/gesundheit/coronavirus.html,0.0,0.0,0.0,0.0
2022-08-09,14:30,ZH,0.0,722199,0.0,114.0,7.0,5.0,0.0,1843.0,https://www.zh.ch/de/gesundheit/coronavirus.html,0.0,0.0,0.0,0.0
2022-08-10,14:30,ZH,0.0,722989,0.0,104.0,11.0,7.0,0.0,1844.0,https://www.zh.ch/de/gesundheit/coronavirus.html,0.0,0.0,0.0,0.0
2022-08-11,14:30,ZH,0.0,723758,0.0,103.0,6.0,3.0,0.0,1844.0,https://www.zh.ch/de/gesundheit/coronavirus.html,0.0,0.0,0.0,0.0
2022-08-12,14:30,ZH,0.0,724290,0.0,105.0,4.0,2.0,0.0,1845.0,https://www.zh.ch/de/gesundheit/coronavirus.html,0.0,0.0,0.0,0.0
2022-08-13,14:30,ZH,0.0,724854,0.0,109.0,5.0,3.0,0.0,1845.0,https://www.zh.ch/de/gesundheit/coronavirus.html,0.0,0.0,0.0,0.0
2022-08-14,14:30,ZH,0.0,725153,0.0,108.0,6.0,3.0,0.0,1845.0,https://www.zh.ch/de/gesundheit/coronavirus.html,0.0,0.0,0.0,0.0
2022-08-15,14:30,ZH,0.0,725491,0.0,123.0,8.0,4.0,0.0,1846.0,https://www.zh.ch/de/gesundheit/coronavirus.html,0.0,0.0,0.0,0.0
2022-08-16,14:30,ZH,0.0,726156,0.0,121.0,7.0,3.0,0.0,1846.0,https://www.zh.ch/de/gesundheit/coronavirus.html,0.0,0.0,0.0,0.0
2022-08-17,14:30,ZH,0.0,726831,0.0,100.0,6.0,5.0,0.0,1846.0,https://www.zh.ch/de/gesundheit/coronavirus.html,0.0,0.0,0.0,0.0
2022-08-18,14:30,ZH,0.0,727481,0.0,92.0,4.0,3.0,0.0,1846.0,https://www.zh.ch/de/gesundheit/coronavirus.html,0.0,0.0,0.0,0.0
2022-08-19,14:30,ZH,0.0,728041,0.0,92.0,5.0,3.0,0.0,1846.0,https://www.zh.ch/de/gesundheit/coronavirus.html,0.0,0.0,0.0,0.0
2022-08-20,14:30,ZH,0.0,728482,0.0,88.0,5.0,4.0,0.0,1846.0,https://www.zh.ch/de/gesundheit/coronavirus.html,0.0,0.0,0.0,0.0
2022-08-21,14:30,ZH,0.0,728794,0.0,90.0,5.0,4.0,0.0,1846.0,https://www.zh.ch/de/gesundheit/coronavirus.html,0.0,0.0,0.0,0.0
2022-08-22,14:30,ZH,0.0,729143,0.0,85.0,5.0,4.0,0.0,1848.0,https://www.zh.ch/de/gesundheit/coronavirus.html,0.0,0.0,0.0,0.0
2022-08-23,14:30,ZH,0.0,729700,0.0,78.0,4.0,2.0,0.0,1848.0,https://www.zh.ch/de/gesundheit/coronavirus.html,0.0,0.0,0.0,0.0
2022-08-24,14:30,ZH,0.0,730265,0.0,85.0,3.0,2.0,0.0,1848.0,https://www.zh.ch/de/gesundheit/coronavirus.html,0.0,0.0,0.0,0.0
2022-08-25,14:30,ZH,0.0,730795,0.0,84.0,4.0,3.0,0.0,1849.0,https://www.zh.ch/de/gesundheit/coronavirus.html,0.0,0.0,0.0,0.0
2022-08-26,14:30,ZH,0.0,731299,0.0,88.0,4.0,3.0,0.0,1849.0,https://www.zh.ch/de/gesundheit/coronavirus.html,0.0,0.0,0.0,0.0
2022-08-27,14:30,ZH,0.0,731745,0.0,85.0,3.0,3.0,0.0,1849.0,https://www.zh.ch/de/gesundheit/coronavirus.html,0.0,0.0,0.0,0.0
2022-08-28,14:30,ZH,0.0,732033,0.0,85.0,3.0,3.0,0.0,1849.0,https://www.zh.ch/de/gesundheit/coronavirus.html,0.0,0.0,0.0,0.0
2022-08-29,14:30,ZH,0.0,732377,0.0,94.0,6.0,2.0,0.0,1849.0,https://www.zh.ch/de/gesundheit/coronavirus.html,0.0,0.0,0.0,0.0
2022-08-30,14:30,ZH,0.0,732982,0.0,85.0,5.0,2.0,0.0,1850.0,https://www.zh.ch/de/gesundheit/coronavirus.html,0.0,0.0,0.0,0.0
2022-08-31,14:30,ZH,0.0,733552,0.0,82.0,4.0,2.0,0.0,1851.0,https://www.zh.ch/de/gesundheit/coronavirus.html,0.0,0.0,0.0,0.0
2022-09-01,14:30,ZH,0.0,734086,0.0,85.0,3.0,3.0,0.0,1852.0,https://www.zh.ch/de/gesundheit/coronavirus.html,0.0,0.0,0.0,0.0
2022-09-02,14:30,ZH,0.0,734540,0.0,81.0,5.0,3.0,0.0,1853.0,https://www.zh.ch/de/gesundheit/coronavirus.html,0.0,0.0,0.0,0.0
2022-09-03,14:30,ZH,0.0,734971,0.0,86.0,6.0,4.0,0.0,1853.0,https://www.zh.ch/de/gesundheit/coronavirus.html,0.0,0.0,0.0,0.0
2022-09-04,14:30,ZH,0.0,735247,0.0,86.0,4.0,2.0,0.0,1853.0,https://www.zh.ch/de/gesundheit/coronavirus.html,0.0,0.0,0.0,0.0
2022-09-05,14:30,ZH,0.0,735521,0.0,87.0,4.0,2.0,0.0,1853.0,https://www.zh.ch/de/gesundheit/coronavirus.html,0.0,0.0,0.0,0.0
2022-09-06,14:30,ZH,0.0,736008,0.0,79.0,3.0,1.0,0.0,1855.0,https://www.zh.ch/de/gesundheit/coronavirus.html,0.0,0.0,0.0,0.0
2022-09-07,14:30,ZH,0.0,736557,0.0,74.0,4.0,2.0,0.0,1855.0,https://www.zh.ch/de/gesundheit/coronavirus.html,0.0,0.0,0.0,0.0
2022-09-08,14:30,ZH,0.0,737039,0.0,71.0,2.0,2.0,0.0,1855.0,https://www.zh.ch/de/gesundheit/coronavirus.html,0.0,0.0,0.0,0.0
2022-09-09,14:30,ZH,0.0,737504,0.0,68.0,4.0,3.0,0.0,1855.0,https://www.zh.ch/de/gesundheit/coronavirus.html,0.0,0.0,0.0,0.0
2022-09-10,14:30,ZH,0.0,737901,0.0,63.0,2.0,1.0,0.0,1855.0,https://www.zh.ch/de/gesundheit/coronavirus.html,0.0,0.0,0.0,0.0
2022-09-11,14:30,ZH,0.0,738143,0.0,59.0,2.0,1.0,0.0,1855.0,https://www.zh.ch/de/gesundheit/coronavirus.html,0.0,0.0,0.0,0.0
2022-09-12,14:30,ZH,0.0,738454,0.0,70.0,4.0,2.0,0.0,1855.0,https://www.zh.ch/de/gesundheit/coronavirus.html,0.0,0.0,0.0,0.0
2022-09-13,14:30,ZH,0.0,738932,0.0,69.0,2.0,2.0,0.0,1857.0,https://www.zh.ch/de/gesundheit/coronavirus.html,0.0,0.0,0.0,0.0
2022-09-14,14:30,ZH,0.0,739447,0.0,68.0,3.0,2.0,0.0,1857.0,https://www.zh.ch/de/gesundheit/coronavirus.html,0.0,0.0,0.0,0.0
2022-09-15,14:30,ZH,0.0,739943,0.0,64.0,3.0,2.0,0.0,1857.0,https://www.zh.ch/de/gesundheit/coronavirus.html,0.0,0.0,0.0,0.0
2022-09-16,14:30,ZH,0.0,740369,0.0,74.0,3.0,2.0,0.0,1857.0,https://www.zh.ch/de/gesundheit/coronavirus.html,0.0,0.0,0.0,0.0
2022-09-17,14:30,ZH,0.0,740734,0.0,73.0,3.0,2.0,0.0,1857.0,https://www.zh.ch/de/gesundheit/coronavirus.html,0.0,0.0,0.0,0.0
2022-09-18,14:30,ZH,0.0,740950,0.0,73.0,4.0,3.0,0.0,1857.0,https://www.zh.ch/de/gesundheit/coronavirus.html,0.0,0.0,0.0,0.0
2022-09-19,14:30,ZH,0.0,741239,0.0,76.0,5.0,4.0,0.0,1857.0,https://www.zh.ch/de/gesundheit/coronavirus.html,0.0,0.0,0.0,0.0
2022-09-20,14:30,ZH,0.0,741670,0.0,69.0,4.0,4.0,0.0,1857.0,https://www.zh.ch/de/gesundheit/coronavirus.html,0.0,0.0,0.0,0.0
2022-09-21,14:30,ZH,0.0,742238,0.0,81.0,4.0,4.0,0.0,1858.0,https://www.zh.ch/de/gesundheit/coronavirus.html,0.0,0.0,0.0,0.0
2022-09-22,14:30,ZH,0.0,742765,0.0,79.0,3.0,3.0,0.0,1859.0,https://www.zh.ch/de/gesundheit/coronavirus.html,0.0,0.0,0.0,0.0
2022-09-23,14:30,ZH,0.0,743326,0.0,77.0,5.0,3.0,0.0,1859.0,https://www.zh.ch/de/gesundheit/coronavirus.html,0.0,0.0,0.0,0.0
2022-09-24,14:30,ZH,0.0,743838,0.0,83.0,3.0,2.0,0.0,1859.0,https://www.zh.ch/de/gesundheit/coronavirus.html,0.0,0.0,0.0,0.0
2022-09-25,14:30,ZH,0.0,744247,0.0,85.0,2.0,1.0,0.0,1859.0,https://www.zh.ch/de/gesundheit/coronavirus.html,0.0,0.0,0.0,0.0
2022-09-26,14:30,ZH,0.0,744620,0.0,104.0,2.0,1.0,0.0,1859.0,https://www.zh.ch/de/gesundheit/coronavirus.html,0.0,0.0,0.0,0.0
2022-09-27,14:30,ZH,0.0,745453,0.0,108.0,3.0,3.0,0.0,1859.0,https://www.zh.ch/de/gesundheit/coronavirus.html,0.0,0.0,0.0,0.0
2022-09-28,14:30,ZH,0.0,746335,0.0,123.0,5.0,1.0,0.0,1859.0,https://www.zh.ch/de/gesundheit/coronavirus.html,0.0,0.0,0.0,0.0
2022-09-29,14:30,ZH,0.0,747169,0.0,120.0,5.0,1.0,0.0,1859.0,https://www.zh.ch/de/gesundheit/coronavirus.html,0.0,0.0,0.0,0.0
2022-09-30,14:30,ZH,0.0,747968,0.0,132.0,1.0,0.0,0.0,1859.0,https://www.zh.ch/de/gesundheit/coronavirus.html,0.0,0.0,0.0,0.0
2022-10-01,14:30,ZH,0.0,748810,0.0,132.0,3.0,2.0,0.0,1859.0,https://www.zh.ch/de/gesundheit/coronavirus.html,0.0,0.0,0.0,0.0
2022-10-02,14:30,ZH,0.0,749291,0.0,138.0,1.0,0.0,0.0,1859.0,https://www.zh.ch/de/gesundheit/coronavirus.html,0.0,0.0,0.0,0.0
2022-10-03,14:30,ZH,0.0,749909,0.0,156.0,2.0,0.0,0.0,1861.0,https://www.zh.ch/de/gesundheit/coronavirus.html,0.0,0.0,0.0,0.0
2022-10-04,14:30,ZH,0.0,751083,0.0,180.0,4.0,2.0,0.0,1861.0,https://www.zh.ch/de/gesundheit/coronavirus.html,0.0,0.0,0.0,0.0
2022-10-05,14:30,ZH,0.0,752344,0.0,160.0,4.0,2.0,0.0,1862.0,https://www.zh.ch/de/gesundheit/coronavirus.html,0.0,0.0,0.0,0.0
2022-10-06,14:30,ZH,0.0,753623,0.0,163.0,5.0,2.0,0.0,1862.0,https://www.zh.ch/de/gesundheit/coronavirus.html,0.0,0.0,0.0,0.0
2022-10-07,14:30,ZH,0.0,754811,0.0,176.0,4.0,3.0,0.0,1862.0,https://www.zh.ch/de/gesundheit/coronavirus.html,0.0,0.0,0.0,0.0
2022-10-08,14:30,ZH,0.0,756074,0.0,190.0,7.0,4.0,0.0,1862.0,https://www.zh.ch/de/gesundheit/coronavirus.html,0.0,0.0,0.0,0.0
2022-10-09,14:30,ZH,0.0,756773,0.0,186.0,7.0,4.0,0.0,1862.0,https://www.zh.ch/de/gesundheit/coronavirus.html,0.0,0.0,0.0,0.0
2022-10-10,14:30,ZH,0.0,757433,0.0,192.0,11.0,6.0,0.0,1863.0,https://www.zh.ch/de/gesundheit/coronavirus.html,0.0,0.0,0.0,0.0
2022-10-11,14:30,ZH,0.0,758745,0.0,220.0,9.0,4.0,0.0,1863.0,https://www.zh.ch/de/gesundheit/coronavirus.html,0.0,0.0,0.0,0.0
2022-10-12,14:30,ZH,0.0,760080,0.0,209.0,14.0,9.0,0.0,1863.0,https://www.zh.ch/de/gesundheit/coronavirus.html,0.0,0.0,0.0,0.0
2022-10-13,14:30,ZH,0.0,761250,0.0,206.0,14.0,7.0,0.0,1863.0,https://www.zh.ch/de/gesundheit/coronavirus.html,0.0,0.0,0.0,0.0
2022-10-14,14:30,ZH,0.0,762263,0.0,202.0,13.0,7.0,0.0,1864.0,https://www.zh.ch/de/gesundheit/coronavirus.html,0.0,0.0,0.0,0.0
2022-10-15,14:30,ZH,0.0,763350,0.0,207.0,15.0,8.0,0.0,1864.0,https://www.zh.ch/de/gesundheit/coronavirus.html,0.0,0.0,0.0,0.0
2022-10-16,14:30,ZH,0.0,763892,0.0,212.0,15.0,8.0,0.0,1864.0,https://www.zh.ch/de/gesundheit/coronavirus.html,0.0,0.0,0.0,0.0
2022-10-17,14:30,ZH,0.0,764524,0.0,215.0,13.0,8.0,0.0,1865.0,https://www.zh.ch/de/gesundheit/coronavirus.html,0.0,0.0,0.0,0.0
2022-10-18,14:30,ZH,0.0,765530,0.0,205.0,10.0,6.0,0.0,1866.0,https://www.zh.ch/de/gesundheit/coronavirus.html,0.0,0.0,0.0,0.0
2022-10-19,14:30,ZH,0.0,766716,0.0,197.0,9.0,6.0,0.0,1868.0,https://www.zh.ch/de/gesundheit/coronavirus.html,0.0,0.0,0.0,0.0
2022-10-20,14:30,ZH,0.0,767634,0.0,174.0,9.0,5.0,0.0,1868.0,https://www.zh.ch/de/gesundheit/coronavirus.html,0.0,0.0,0.0,0.0
2022-10-21,14:30,ZH,0.0,768452,0.0,179.0,10.0,5.0,0.0,1868.0,https://www.zh.ch/de/gesundheit/coronavirus.html,0.0,0.0,0.0,0.0
2022-10-22,14:30,ZH,0.0,769267,0.0,176.0,11.0,6.0,0.0,1868.0,https://www.zh.ch/de/gesundheit/coronavirus.html,0.0,0.0,0.0,0.0
2022-10-23,14:30,ZH,0.0,769719,0.0,170.0,10.0,5.0,0.0,1868.0,https://www.zh.ch/de/gesundheit/coronavirus.html,0.0,0.0,0.0,0.0
2022-10-24,14:30,ZH,0.0,770261,0.0,177.0,11.0,5.0,0.0,1868.0,https://www.zh.ch/de/gesundheit/coronavirus.html,0.0,0.0,0.0,0.0
2022-10-25,14:30,ZH,0.0,771114,0.0,160.0,10.0,4.0,0.0,1869.0,https://www.zh.ch/de/gesundheit/coronavirus.html,0.0,0.0,0.0,0.0
2022-10-26,14:30,ZH,0.0,772097,0.0,158.0,11.0,6.0,0.0,1869.0,https://www.zh.ch/de/gesundheit/coronavirus.html,0.0,0.0,0.0,0.0
2022-10-27,14:30,ZH,0.0,772913,0.0,137.0,13.0,6.0,0.0,1869.0,https://www.zh.ch/de/gesundheit/coronavirus.html,0.0,0.0,0.0,0.0
2022-10-28,14:30,ZH,0.0,773593,0.0,130.0,13.0,7.0,0.0,1869.0,https://www.zh.ch/de/gesundheit/coronavirus.html,0.0,0.0,0.0,0.0
2022-10-29,14:30,ZH,0.0,774243,0.0,114.0,14.0,6.0,0.0,1869.0,https://www.zh.ch/de/gesundheit/coronavirus.html,0.0,0.0,0.0,0.0
2022-10-30,14:30,ZH,0.0,774590,0.0,123.0,14.0,6.0,0.0,1869.0,https://www.zh.ch/de/gesundheit/coronavirus.html,0.0,0.0,0.0,0.0
2022-10-31,14:30,ZH,0.0,775045,0.0,128.0,12.0,5.0,0.0,1870.0,https://www.zh.ch/de/gesundheit/coronavirus.html,0.0,0.0,0.0,0.0
2022-11-01,14:30,ZH,0.0,775865,0.0,126.0,12.0,6.0,0.0,1871.0,https://www.zh.ch/de/gesundheit/coronavirus.html,0.0,0.0,0.0,0.0
2022-11-02,14:30,ZH,0.0,776642,0.0,121.0,9.0,5.0,0.0,1873.0,https://www.zh.ch/de/gesundheit/coronavirus.html,0.0,0.0,0.0,0.0
2022-11-03,14:30,ZH,0.0,777420,0.0,116.0,8.0,5.0,0.0,1873.0,https://www.zh.ch/de/gesundheit/coronavirus.html,0.0,0.0,0.0,0.0
2022-11-04,14:30,ZH,0.0,778111,0.0,115.0,7.0,5.0,0.0,1874.0,https://www.zh.ch/de/gesundheit/coronavirus.html,0.0,0.0,0.0,0.0
2022-11-05,14:30,ZH,0.0,778696,0.0,108.0,6.0,5.0,0.0,1874.0,https://www.zh.ch/de/gesundheit/coronavirus.html,0.0,0.0,0.0,0.0
2022-11-06,14:30,ZH,0.0,779025,0.0,111.0,6.0,5.0,0.0,1874.0,https://www.zh.ch/de/gesundheit/coronavirus.html,0.0,0.0,0.0,0.0
2022-11-07,14:30,ZH,0.0,779446,0.0,95.0,7.0,4.0,0.0,1874.0,https://www.zh.ch/de/gesundheit/coronavirus.html,0.0,0.0,0.0,0.0
2022-11-08,14:30,ZH,0.0,780123,0.0,110.0,6.0,4.0,0.0,1874.0,https://www.zh.ch/de/gesundheit/coronavirus.html,0.0,0.0,0.0,0.0
2022-11-09,14:30,ZH,0.0,780886,0.0,111.0,6.0,3.0,0.0,1874.0,https://www.zh.ch/de/gesundheit/coronavirus.html,0.0,0.0,0.0,0.0
2022-11-10,14:30,ZH,0.0,781595,0.0,107.0,6.0,3.0,0.0,1874.0,https://www.zh.ch/de/gesundheit/coronavirus.html,0.0,0.0,0.0,0.0
2022-11-11,14:30,ZH,0.0,782261,0.0,110.0,4.0,2.0,0.0,1874.0,https://www.zh.ch/de/gesundheit/coronavirus.html,0.0,0.0,0.0,0.0
2022-11-12,14:30,ZH,0.0,782863,0.0,109.0,3.0,2.0,0.0,1874.0,https://www.zh.ch/de/gesundheit/coronavirus.html,0.0,0.0,0.0,0.0
2022-11-13,14:30,ZH,0.0,783175,0.0,121.0,5.0,4.0,0.0,1874.0,https://www.zh.ch/de/gesundheit/coronavirus.html,0.0,0.0,0.0,0.0
2022-11-14,14:30,ZH,0.0,783530,0.0,121.0,4.0,4.0,0.0,1875.0,https://www.zh.ch/de/gesundheit/coronavirus.html,0.0,0.0,0.0,0.0
2022-11-15,14:30,ZH,0.0,784264,0.0,132.0,5.0,3.0,0.0,1875.0,https://www.zh.ch/de/gesundheit/coronavirus.html,0.0,0.0,0.0,0.0
2022-11-16,14:30,ZH,0.0,785079,0.0,123.0,5.0,4.0,0.0,1875.0,https://www.zh.ch/de/gesundheit/coronavirus.html,0.0,0.0,0.0,0.0
2022-11-17,14:30,ZH,0.0,785802,0.0,119.0,7.0,4.0,0.0,1875.0,https://www.zh.ch/de/gesundheit/coronavirus.html,0.0,0.0,0.0,0.0
2022-11-18,14:30,ZH,0.0,786460,0.0,115.0,7.0,5.0,0.0,1876.0,https://www.zh.ch/de/gesundheit/coronavirus.html,0.0,0.0,0.0,0.0
2022-11-19,14:30,ZH,0.0,786973,0.0,125.0,7.0,4.0,0.0,1876.0,https://www.zh.ch/de/gesundheit/coronavirus.html,0.0,0.0,0.0,0.0
2022-11-20,14:30,ZH,0.0,787316,0.0,128.0,8.0,5.0,0.0,1876.0,https://www.zh.ch/de/gesundheit/coronavirus.html,0.0,0.0,0.0,0.0
2022-11-21,14:30,ZH,0.0,787730,0.0,118.0,8.0,5.0,0.0,1876.0,https://www.zh.ch/de/gesundheit/coronavirus.html,0.0,0.0,0.0,0.0
2022-11-22,14:30,ZH,0.0,788309,0.0,116.0,7.0,5.0,0.0,1877.0,https://www.zh.ch/de/gesundheit/coronavirus.html,0.0,0.0,0.0,0.0
2022-11-23,14:30,ZH,0.0,789024,0.0,113.0,7.0,5.0,0.0,1877.0,https://www.zh.ch/de/gesundheit/coronavirus.html,0.0,0.0,0.0,0.0
2022-11-24,14:30,ZH,0.0,789582,0.0,127.0,8.0,5.0,0.0,1877.0,https://www.zh.ch/de/gesundheit/coronavirus.html,0.0,0.0,0.0,0.0
2022-11-25,14:30,ZH,0.0,790092,0.0,119.0,7.0,6.0,0.0,1878.0,https://www.zh.ch/de/gesundheit/coronavirus.html,0.0,0.0,0.0,0.0
2022-11-26,14:30,ZH,0.0,790550,0.0,120.0,7.0,6.0,0.0,1878.0,https://www.zh.ch/de/gesundheit/coronavirus.html,0.0,0.0,0.0,0.0
2022-11-27,14:30,ZH,0.0,790799,0.0,123.0,7.0,6.0,0.0,1878.0,https://www.zh.ch/de/gesundheit/coronavirus.html,0.0,0.0,0.0,0.0
2022-11-28,14:30,ZH,0.0,791134,0.0,143.0,8.0,7.0,0.0,1878.0,https://www.zh.ch/de/gesundheit/coronavirus.html,0.0,0.0,0.0,0.0
2022-11-29,14:30,ZH,0.0,791696,0.0,133.0,9.0,7.0,0.0,1878.0,https://www.zh.ch/de/gesundheit/coronavirus.html,0.0,0.0,0.0,0.0
2022-11-30,14:30,ZH,0.0,792384,0.0,126.0,10.0,7.0,0.0,1878.0,https://www.zh.ch/de/gesundheit/coronavirus.html,0.0,0.0,0.0,0.0
2022-12-01,14:30,ZH,0.0,792954,0.0,121.0,10.0,7.0,0.0,1878.0,https://www.zh.ch/de/gesundheit/coronavirus.html,0.0,0.0,0.0,0.0
2022-12-02,14:30,ZH,0.0,793413,0.0,116.0,5.0,5.0,0.0,1879.0,https://www.zh.ch/de/gesundheit/coronavirus.html,0.0,0.0,0.0,0.0
2022-12-03,14:30,ZH,0.0,793905,0.0,115.0,5.0,5.0,0.0,1879.0,https://www.zh.ch/de/gesundheit/coronavirus.html,0.0,0.0,0.0,0.0
2022-12-04,14:30,ZH,0.0,794174,0.0,116.0,5.0,5.0,0.0,1879.0,https://www.zh.ch/de/gesundheit/coronavirus.html,0.0,0.0,0.0,0.0
2022-12-05,14:30,ZH,0.0,794460,0.0,112.0,5.0,5.0,0.0,1880.0,https://www.zh.ch/de/gesundheit/coronavirus.html,0.0,0.0,0.0,0.0
2022-12-06,14:30,ZH,0.0,795011,0.0,112.0,7.0,5.0,0.0,1881.0,https://www.zh.ch/de/gesundheit/coronavirus.html,0.0,0.0,0.0,0.0
2022-12-07,14:30,ZH,0.0,795595,0.0,110.0,10.0,8.0,0.0,1881.0,https://www.zh.ch/de/gesundheit/coronavirus.html,0.0,0.0,0.0,0.0
2022-12-08,14:30,ZH,0.0,796109,0.0,121.0,9.0,7.0,0.0,1881.0,https://www.zh.ch/de/gesundheit/coronavirus.html,0.0,0.0,0.0,0.0
2022-12-09,14:30,ZH,0.0,796609,0.0,113.0,7.0,5.0,0.0,1882.0,https://www.zh.ch/de/gesundheit/coronavirus.html,0.0,0.0,0.0,0.0
2022-12-10,14:30,ZH,0.0,796986,0.0,114.0,7.0,5.0,0.0,1882.0,https://www.zh.ch/de/gesundheit/coronavirus.html,0.0,0.0,0.0,0.0
2022-12-11,14:30,ZH,0.0,797198,0.0,116.0,8.0,5.0,0.0,1882.0,https://www.zh.ch/de/gesundheit/coronavirus.html,0.0,0.0,0.0,0.0
2022-12-12,14:30,ZH,0.0,797505,0.0,120.0,8.0,4.0,0.0,1882.0,https://www.zh.ch/de/gesundheit/coronavirus.html,0.0,0.0,0.0,0.0
2022-12-13,14:30,ZH,0.0,797938,0.0,134.0,9.0,5.0,0.0,1883.0,https://www.zh.ch/de/gesundheit/coronavirus.html,0.0,0.0,0.0,0.0
2022-12-14,14:30,ZH,0.0,798425,0.0,130.0,7.0,4.0,0.0,1884.0,https://www.zh.ch/de/gesundheit/coronavirus.html,0.0,0.0,0.0,0.0
2022-12-15,14:30,ZH,0.0,798876,0.0,122.0,7.0,2.0,0.0,1884.0,https://www.zh.ch/de/gesundheit/coronavirus.html,0.0,0.0,0.0,0.0
2022-12-16,14:30,ZH,0.0,799304,0.0,111.0,5.0,2.0,0.0,1885.0,https://www.zh.ch/de/gesundheit/coronavirus.html,0.0,0.0,0.0,0.0
2022-12-17,14:30,ZH,0.0,799612,0.0,114.0,4.0,2.0,0.0,1885.0,https://www.zh.ch/de/gesundheit/coronavirus.html,0.0,0.0,0.0,0.0
2022-12-18,14:30,ZH,0.0,799794,0.0,116.0,4.0,2.0,0.0,1885.0,https://www.zh.ch/de/gesundheit/coronavirus.html,0.0,0.0,0.0,0.0
2022-12-19,14:30,ZH,0.0,799991,0.0,125.0,8.0,6.0,0.0,1888.0,https://www.zh.ch/de/gesundheit/coronavirus.html,0.0,0.0,0.0,0.0
2022-12-20,14:30,ZH,0.0,800386,0.0,127.0,9.0,6.0,0.0,1888.0,https://www.zh.ch/de/gesundheit/coronavirus.html,0.0,0.0,0.0,0.0
2022-12-21,14:30,ZH,0.0,800777,0.0,128.0,10.0,4.0,0.0,1890.0,https://www.zh.ch/de/gesundheit/coronavirus.html,0.0,0.0,0.0,0.0
2022-12-22,14:30,ZH,0.0,801192,0.0,128.0,9.0,4.0,0.0,1890.0,https://www.zh.ch/de/gesundheit/coronavirus.html,0.0,0.0,0.0,0.0
2022-12-23,14:30,ZH,0.0,801538,0.0,133.0,8.0,4.0,0.0,1890.0,https://www.zh.ch/de/gesundheit/coronavirus.html,0.0,0.0,0.0,0.0
2022-12-24,14:30,ZH,0.0,801834,0.0,126.0,8.0,4.0,0.0,1890.0,https://www.zh.ch/de/gesundheit/coronavirus.html,0.0,0.0,0.0,0.0
2022-12-25,14:30,ZH,0.0,802011,0.0,128.0,7.0,3.0,0.0,1890.0,https://www.zh.ch/de/gesundheit/coronavirus.html,0.0,0.0,0.0,0.0
2022-12-26,14:30,ZH,0.0,802121,0.0,130.0,7.0,3.0,0.0,1890.0,https://www.zh.ch/de/gesundheit/coronavirus.html,0.0,0.0,0.0,0.0
2022-12-27,14:30,ZH,0.0,802268,0.0,133.0,8.0,6.0,0.0,1890.0,https://www.zh.ch/de/gesundheit/coronavirus.html,0.0,0.0,0.0,0.0
2022-12-28,14:30,ZH,0.0,802473,0.0,122.0,4.0,3.0,0.0,1890.0,https://www.zh.ch/de/gesundheit/coronavirus.html,0.0,0.0,0.0,0.0
2022-12-29,14:30,ZH,0.0,802652,0.0,116.0,1.0,1.0,0.0,1890.0,https://www.zh.ch/de/gesundheit/coronavirus.html,0.0,0.0,0.0,0.0
2022-12-30,14:30,ZH,0.0,802864,0.0,121.0,2.0,0.0,0.0,1890.0,https://www.zh.ch/de/gesundheit/coronavirus.html,0.0,0.0,0.0,0.0
2022-12-31,14:30,ZH,0.0,803018,0.0,116.0,2.0,0.0,0.0,1890.0,https://www.zh.ch/de/gesundheit/coronavirus.html,0.0,0.0,0.0,0.0
2023-01-01,14:30,ZH,0.0,803106,0.0,116.0,1.0,0.0,0.0,1890.0,https://www.zh.ch/de/gesundheit/coronavirus.html,0.0,0.0,0.0,0.0
2023-01-02,14:30,ZH,0.0,803154,0.0,102.0,1.0,0.0,0.0,1890.0,https://www.zh.ch/de/gesundheit/coronavirus.html,0.0,0.0,0.0,0.0
2023-01-03,14:30,ZH,0.0,803198,0.0,102.0,1.0,0.0,0.0,1890.0,https://www.zh.ch/de/gesundheit/coronavirus.html,0.0,0.0,0.0,0.0
2023-01-04,14:30,ZH,0.0,803198,0.0,104.0,3.0,1.0,0.0,1890.0,https://www.zh.ch/de/gesundheit/coronavirus.html,0.0,0.0,0.0,0.0
2023-01-05,14:30,ZH,0.0,803198,0.0,87.0,3.0,0.0,0.0,1890.0,https://www.zh.ch/de/gesundheit/coronavirus.html,0.0,0.0,0.0,0.0
2023-01-06,14:30,ZH,0.0,803198,0.0,80.0,2.0,0.0,0.0,1890.0,https://www.zh.ch/de/gesundheit/coronavirus.html,0.0,0.0,0.0,0.0
2023-01-07,14:30,ZH,0.0,803198,0.0,88.0,2.0,0.0,0.0,1890.0,https://www.zh.ch/de/gesundheit/coronavirus.html,0.0,0.0,0.0,0.0
2023-01-08,14:30,ZH,0.0,803198,0.0,88.0,3.0,1.0,0.0,1890.0,https://www.zh.ch/de/gesundheit/coronavirus.html,0.0,0.0,0.0,0.0
2023-01-09,14:30,ZH,0.0,803198,0.0,77.0,4.0,2.0,0.0,1890.0,https://www.zh.ch/de/gesundheit/coronavirus.html,0.0,0.0,0.0,0.0
2023-01-10,14:30,ZH,0.0,803198,0.0,72.0,3.0,2.0,0.0,1890.0,https://www.zh.ch/de/gesundheit/coronavirus.html,0.0,0.0,0.0,0.0
2023-01-11,14:30,ZH,0.0,803198,0.0,71.0,3.0,2.0,0.0,1890.0,https://www.zh.ch/de/gesundheit/coronavirus.html,0.0,0.0,0.0,0.0
2023-01-12,14:30,ZH,0.0,803198,0.0,64.0,2.0,2.0,0.0,1890.0,https://www.zh.ch/de/gesundheit/coronavirus.html,0.0,0.0,0.0,0.0
2023-01-13,14:30,ZH,0.0,803198,0.0,60.0,2.0,2.0,0.0,1890.0,https://www.zh.ch/de/gesundheit/coronavirus.html,0.0,0.0,0.0,0.0
2023-01-14,14:30,ZH,0.0,803198,0.0,67.0,2.0,2.0,0.0,1890.0,https://www.zh.ch/de/gesundheit/coronavirus.html,0.0,0.0,0.0,0.0
2023-01-15,14:30,ZH,0.0,803198,0.0,68.0,2.0,2.0,0.0,1890.0,https://www.zh.ch/de/gesundheit/coronavirus.html,0.0,0.0,0.0,0.0
2023-01-16,14:30,ZH,0.0,803198,0.0,57.0,1.0,1.0,0.0,1890.0,https://www.zh.ch/de/gesundheit/coronavirus.html,0.0,0.0,0.0,0.0
2023-01-17,14:30,ZH,0.0,803198,0.0,56.0,2.0,1.0,0.0,1890.0,https://www.zh.ch/de/gesundheit/coronavirus.html,0.0,0.0,0.0,0.0
2023-01-18,14:30,ZH,0.0,803198,0.0,59.0,2.0,1.0,0.0,1890.0,https://www.zh.ch/de/gesundheit/coronavirus.html,0.0,0.0,0.0,0.0
2023-01-19,14:30,ZH,0.0,803198,0.0,57.0,2.0,1.0,0.0,1890.0,https://www.zh.ch/de/gesundheit/coronavirus.html,0.0,0.0,0.0,0.0
2023-01-20,14:30,ZH,0.0,803198,0.0,38.0,2.0,1.0,0.0,1890.0,https://www.zh.ch/de/gesundheit/coronavirus.html,0.0,0.0,0.0,0.0
2023-01-21,14:30,ZH,0.0,803198,0.0,35.0,2.0,1.0,0.0,1890.0,https://www.zh.ch/de/gesundheit/coronavirus.html,0.0,0.0,0.0,0.0
2023-01-22,14:30,ZH,0.0,803198,0.0,39.0,2.0,1.0,0.0,1890.0,https://www.zh.ch/de/gesundheit/coronavirus.html,0.0,0.0,0.0,0.0
2023-01-23,14:30,ZH,0.0,803198,0.0,33.0,2.0,1.0,0.0,1890.0,https://www.zh.ch/de/gesundheit/coronavirus.html,0.0,0.0,0.0,0.0
2023-01-24,14:30,ZH,0.0,803198,0.0,31.0,3.0,1.0,0.0,1890.0,https://www.zh.ch/de/gesundheit/coronavirus.html,0.0,0.0,0.0,0.0
2023-01-25,14:30,ZH,0.0,803198,0.0,39.0,3.0,1.0,0.0,1890.0,https://www.zh.ch/de/gesundheit/coronavirus.html,0.0,0.0,0.0,0.0
2023-01-26,14:30,ZH,0.0,803198,0.0,46.0,5.0,2.0,0.0,1890.0,https://www.zh.ch/de/gesundheit/coronavirus.html,0.0,0.0,0.0,0.0
2023-01-27,14:30,ZH,0.0,803198,0.0,32.0,2.0,1.0,0.0,1890.0,https://www.zh.ch/de/gesundheit/coronavirus.html,0.0,0.0,0.0,0.0
2023-01-28,14:30,ZH,0.0,803198,0.0,30.0,4.0,1.0,0.0,1890.0,https://www.zh.ch/de/gesundheit/coronavirus.html,0.0,0.0,0.0,0.0
2023-01-29,14:30,ZH,0.0,803198,0.0,31.0,4.0,1.0,0.0,1890.0,https://www.zh.ch/de/gesundheit/coronavirus.html,0.0,0.0,0.0,0.0
2023-01-30,14:30,ZH,0.0,803198,0.0,34.0,5.0,1.0,0.0,1890.0,https://www.zh.ch/de/gesundheit/coronavirus.html,0.0,0.0,0.0,0.0
2023-01-31,14:30,ZH,0.0,803198,0.0,37.0,4.0,1.0,0.0,1890.0,https://www.zh.ch/de/gesundheit/coronavirus.html,0.0,0.0,0.0,0.0
2023-02-01,14:30,ZH,0.0,803198,0.0,32.0,4.0,1.0,0.0,1890.0,https://www.zh.ch/de/gesundheit/coronavirus.html,0.0,0.0,0.0,0.0
2023-02-02,14:30,ZH,0.0,803198,0.0,35.0,4.0,2.0,0.0,1890.0,https://www.zh.ch/de/gesundheit/coronavirus.html,0.0,0.0,0.0,0.0
2023-02-03,14:30,ZH,0.0,803198,0.0,36.0,5.0,2.0,0.0,1890.0,https://www.zh.ch/de/gesundheit/coronavirus.html,0.0,0.0,0.0,0.0
2023-02-04,14:30,ZH,0.0,803198,0.0,34.0,5.0,2.0,0.0,1890.0,https://www.zh.ch/de/gesundheit/coronavirus.html,0.0,0.0,0.0,0.0
2023-02-05,14:30,ZH,0.0,803198,0.0,34.0,6.0,3.0,0.0,1890.0,https://www.zh.ch/de/gesundheit/coronavirus.html,0.0,0.0,0.0,0.0
2023-02-06,14:30,ZH,0.0,803198,0.0,37.0,5.0,3.0,0.0,1890.0,https://www.zh.ch/de/gesundheit/coronavirus.html,0.0,0.0,0.0,0.0
2023-02-07,14:30,ZH,0.0,803198,0.0,40.0,5.0,3.0,0.0,1890.0,https://www.zh.ch/de/gesundheit/coronavirus.html,0.0,0.0,0.0,0.0
2023-02-08,14:30,ZH,0.0,803198,0.0,46.0,4.0,3.0,0.0,1890.0,https://www.zh.ch/de/gesundheit/coronavirus.html,0.0,0.0,0.0,0.0
2023-02-09,14:30,ZH,0.0,803198,0.0,39.0,6.0,4.0,0.0,1890.0,https://www.zh.ch/de/gesundheit/coronavirus.html,0.0,0.0,0.0,0.0
2023-02-10,14:30,ZH,0.0,803198,0.0,42.0,5.0,3.0,0.0,1890.0,https://www.zh.ch/de/gesundheit/coronavirus.html,0.0,0.0,0.0,0.0
2023-02-11,14:30,ZH,0.0,803198,0.0,41.0,6.0,2.0,0.0,1890.0,https://www.zh.ch/de/gesundheit/coronavirus.html,0.0,0.0,0.0,0.0
2023-02-12,14:30,ZH,0.0,803198,0.0,45.0,6.0,2.0,0.0,1890.0,https://www.zh.ch/de/gesundheit/coronavirus.html,0.0,0.0,0.0,0.0
2023-02-13,14:30,ZH,0.0,803198,0.0,43.0,5.0,2.0,0.0,1890.0,https://www.zh.ch/de/gesundheit/coronavirus.html,0.0,0.0,0.0,0.0
2023-02-14,14:30,ZH,0.0,803198,0.0,41.0,2.0,2.0,0.0,1890.0,https://www.zh.ch/de/gesundheit/coronavirus.html,0.0,0.0,0.0,0.0
2023-02-15,14:30,ZH,0.0,803198,0.0,37.0,2.0,2.0,0.0,1890.0,https://www.zh.ch/de/gesundheit/coronavirus.html,0.0,0.0,0.0,0.0
2023-02-16,14:30,ZH,0.0,803198,0.0,39.0,4.0,2.0,0.0,1890.0,https://www.zh.ch/de/gesundheit/coronavirus.html,0.0,0.0,0.0,0.0
2023-02-17,14:30,ZH,0.0,803198,0.0,44.0,3.0,1.0,0.0,1890.0,https://www.zh.ch/de/gesundheit/coronavirus.html,0.0,0.0,0.0,0.0
2023-02-18,14:30,ZH,0.0,803198,0.0,49.0,3.0,1.0,0.0,1890.0,https://www.zh.ch/de/gesundheit/coronavirus.html,0.0,0.0,0.0,0.0
2023-02-19,14:30,ZH,0.0,803198,0.0,49.0,3.0,1.0,0.0,1890.0,https://www.zh.ch/de/gesundheit/coronavirus.html,0.0,0.0,0.0,0.0
2023-02-20,14:30,ZH,0.0,803198,0.0,53.0,2.0,1.0,0.0,1890.0,https://www.zh.ch/de/gesundheit/coronavirus.html,0.0,0.0,0.0,0.0
2023-02-21,14:30,ZH,0.0,803198,0.0,58.0,2.0,1.0,0.0,1890.0,https://www.zh.ch/de/gesundheit/coronavirus.html,0.0,0.0,0.0,0.0
2023-02-22,14:30,ZH,0.0,803198,0.0,51.0,1.0,1.0,0.0,1890.0,https://www.zh.ch/de/gesundheit/coronavirus.html,0.0,0.0,0.0,0.0
2023-02-23,14:30,ZH,0.0,803198,0.0,46.0,1.0,1.0,0.0,1890.0,https://www.zh.ch/de/gesundheit/coronavirus.html,0.0,0.0,0.0,0.0
2023-02-24,14:30,ZH,0.0,803198,0.0,52.0,1.0,1.0,0.0,1890.0,https://www.zh.ch/de/gesundheit/coronavirus.html,0.0,0.0,0.0,0.0
2023-02-25,14:30,ZH,0.0,803198,0.0,50.0,1.0,1.0,0.0,1890.0,https://www.zh.ch/de/gesundheit/coronavirus.html,0.0,0.0,0.0,0.0
2023-02-26,14:30,ZH,0.0,803198,0.0,53.0,1.0,1.0,0.0,1890.0,https://www.zh.ch/de/gesundheit/coronavirus.html,0.0,0.0,0.0,0.0
2023-02-27,14:30,ZH,0.0,803198,0.0,54.0,2.0,2.0,0.0,1890.0,https://www.zh.ch/de/gesundheit/coronavirus.html,0.0,0.0,0.0,0.0
2023-02-28,14:30,ZH,0.0,803198,0.0,58.0,1.0,1.0,0.0,1890.0,https://www.zh.ch/de/gesundheit/coronavirus.html,0.0,0.0,0.0,0.0
2023-03-01,14:30,ZH,0.0,803198,0.0,58.0,2.0,1.0,0.0,1890.0,https://www.zh.ch/de/gesundheit/coronavirus.html,0.0,0.0,0.0,0.0
2023-03-02,14:30,ZH,0.0,803198,0.0,65.0,1.0,1.0,0.0,1890.0,https://www.zh.ch/de/gesundheit/coronavirus.html,0.0,0.0,0.0,0.0
2023-03-03,14:30,ZH,0.0,803198,0.0,65.0,3.0,1.0,0.0,1890.0,https://www.zh.ch/de/gesundheit/coronavirus.html,0.0,0.0,0.0,0.0
2023-03-04,14:30,ZH,0.0,803198,0.0,62.0,3.0,1.0,0.0,1890.0,https://www.zh.ch/de/gesundheit/coronavirus.html,0.0,0.0,0.0,0.0
2023-03-05,14:30,ZH,0.0,803198,0.0,48.0,3.0,1.0,0.0,1890.0,https://www.zh.ch/de/gesundheit/coronavirus.html,0.0,0.0,0.0,0.0
2023-03-06,14:30,ZH,0.0,803198,0.0,52.0,3.0,3.0,0.0,1890.0,https://www.zh.ch/de/gesundheit/coronavirus.html,0.0,0.0,0.0,0.0
2023-03-07,14:30,ZH,0.0,803198,0.0,54.0,4.0,4.0,0.0,1890.0,https://www.zh.ch/de/gesundheit/coronavirus.html,0.0,0.0,0.0,0.0
2023-03-08,14:30,ZH,0.0,803198,0.0,49.0,4.0,4.0,0.0,1890.0,https://www.zh.ch/de/gesundheit/coronavirus.html,0.0,0.0,0.0,0.0
2023-03-09,14:30,ZH,0.0,803198,0.0,52.0,4.0,3.0,0.0,1890.0,https://www.zh.ch/de/gesundheit/coronavirus.html,0.0,0.0,0.0,0.0
2023-03-10,14:30,ZH,0.0,803198,0.0,53.0,4.0,2.0,0.0,1890.0,https://www.zh.ch/de/gesundheit/coronavirus.html,0.0,0.0,0.0,0.0
2023-03-11,14:30,ZH,0.0,803198,0.0,55.0,4.0,2.0,0.0,1890.0,https://www.zh.ch/de/gesundheit/coronavirus.html,0.0,0.0,0.0,0.0
2023-03-12,14:30,ZH,0.0,803198,0.0,55.0,4.0,2.0,0.0,1890.0,https://www.zh.ch/de/gesundheit/coronavirus.html,0.0,0.0,0.0,0.0
2023-03-13,14:30,ZH,0.0,803198,0.0,66.0,2.0,1.0,0.0,1890.0,https://www.zh.ch/de/gesundheit/coronavirus.html,0.0,0.0,0.0,0.0
2023-03-14,14:30,ZH,0.0,803198,0.0,86.0,3.0,2.0,0.0,1890.0,https://www.zh.ch/de/gesundheit/coronavirus.html,0.0,0.0,0.0,0.0
2023-03-15,14:30,ZH,0.0,803198,0.0,102.0,4.0,3.0,0.0,1890.0,https://www.zh.ch/de/gesundheit/coronavirus.html,0.0,0.0,0.0,0.0
2023-03-16,14:30,ZH,0.0,803198,0.0,100.0,4.0,2.0,0.0,1890.0,https://www.zh.ch/de/gesundheit/coronavirus.html,0.0,0.0,0.0,0.0
2023-03-17,14:30,ZH,0.0,803198,0.0,89.0,6.0,2.0,0.0,1890.0,https://www.zh.ch/de/gesundheit/coronavirus.html,0.0,0.0,0.0,0.0
2023-03-18,14:30,ZH,0.0,803198,0.0,89.0,6.0,2.0,0.0,1890.0,https://www.zh.ch/de/gesundheit/coronavirus.html,0.0,0.0,0.0,0.0
2023-03-19,14:30,ZH,0.0,803198,0.0,84.0,6.0,2.0,0.0,1890.0,https://www.zh.ch/de/gesundheit/coronavirus.html,0.0,0.0,0.0,0.0
2023-03-20,14:30,ZH,0.0,803198,0.0,107.0,7.0,3.0,0.0,1890.0,https://www.zh.ch/de/gesundheit/coronavirus.html,0.0,0.0,0.0,0.0
2023-03-21,14:30,ZH,0.0,803198,0.0,109.0,7.0,3.0,0.0,1890.0,https://www.zh.ch/de/gesundheit/coronavirus.html,0.0,0.0,0.0,0.0
2023-03-22,14:30,ZH,0.0,803198,0.0,116.0,8.0,4.0,0.0,1890.0,https://www.zh.ch/de/gesundheit/coronavirus.html,0.0,0.0,0.0,0.0
2023-03-23,14:30,ZH,0.0,803198,0.0,108.0,7.0,2.0,0.0,1890.0,https://www.zh.ch/de/gesundheit/coronavirus.html,0.0,0.0,0.0,0.0
2023-03-24,14:30,ZH,0.0,803198,0.0,95.0,9.0,5.0,0.0,1890.0,https://www.zh.ch/de/gesundheit/coronavirus.html,0.0,0.0,0.0,0.0
2023-03-25,14:30,ZH,0.0,803198,0.0,99.0,9.0,6.0,0.0,1890.0,https://www.zh.ch/de/gesundheit/coronavirus.html,0.0,0.0,0.0,0.0
2023-03-26,14:30,ZH,0.0,803198,0.0,99.0,9.0,6.0,0.0,1890.0,https://www.zh.ch/de/gesundheit/coronavirus.html,0.0,0.0,0.0,0.0
2023-03-27,14:30,ZH,0.0,803198,0.0,96.0,5.0,1.0,0.0,1890.0,https://www.zh.ch/de/gesundheit/coronavirus.html,0.0,0.0,0.0,0.0
2023-03-28,14:30,ZH,0.0,803198,0.0,112.0,6.0,4.0,0.0,1890.0,https://www.zh.ch/de/gesundheit/coronavirus.html,0.0,0.0,0.0,0.0
2023-03-29,14:30,ZH,0.0,803198,0.0,90.0,6.0,4.0,0.0,1890.0,https://www.zh.ch/de/gesundheit/coronavirus.html,0.0,0.0,0.0,0.0
2023-03-30,14:30,ZH,0.0,803198,0.0,94.0,6.0,3.0,0.0,1890.0,https://www.zh.ch/de/gesundheit/coronavirus.html,0.0,0.0,0.0,0.0
2023-03-31,14:30,ZH,0.0,803198,0.0,102.0,5.0,3.0,0.0,1890.0,https://www.zh.ch/de/gesundheit/coronavirus.html,0.0,0.0,0.0,0.0
2023-04-01,14:30,ZH,0.0,803198,0.0,102.0,5.0,3.0,0.0,1890.0,https://www.zh.ch/de/gesundheit/coronavirus.html,0.0,0.0,0.0,0.0
2023-04-02,14:30,ZH,0.0,803198,0.0,102.0,5.0,3.0,0.0,1890.0,https://www.zh.ch/de/gesundheit/coronavirus.html,0.0,0.0,0.0,0.0
2023-04-03,14:30,ZH,0.0,803198,0.0,108.0,6.0,3.0,0.0,1890.0,https://www.zh.ch/de/gesundheit/coronavirus.html,0.0,0.0,0.0,0.0
2023-04-04,14:30,ZH,0.0,803198,0.0,99.0,4.0,3.0,0.0,1890.0,https://www.zh.ch/de/gesundheit/coronavirus.html,0.0,0.0,0.0,0.0
2023-04-05,14:30,ZH,0.0,803198,0.0,99.0,4.0,3.0,0.0,1890.0,https://www.zh.ch/de/gesundheit/coronavirus.html,0.0,0.0,0.0,0.0
2023-04-06,14:30,ZH,0.0,803198,0.0,72.0,7.0,3.0,0.0,1890.0,https://www.zh.ch/de/gesundheit/coronavirus.html,0.0,0.0,0.0,0.0
2023-04-07,14:30,ZH,0.0,803198,0.0,75.0,7.0,3.0,0.0,1890.0,https://www.zh.ch/de/gesundheit/coronavirus.html,0.0,0.0,0.0,0.0
2023-04-08,14:30,ZH,0.0,803198,0.0,77.0,7.0,3.0,0.0,1890.0,https://www.zh.ch/de/gesundheit/coronavirus.html,0.0,0.0,0.0,0.0
2023-04-09,14:30,ZH,0.0,803198,0.0,75.0,7.0,3.0,0.0,1890.0,https://www.zh.ch/de/gesundheit/coronavirus.html,0.0,0.0,0.0,0.0
2023-04-10,14:30,ZH,0.0,803198,0.0,75.0,7.0,3.0,0.0,1890.0,https://www.zh.ch/de/gesundheit/coronavirus.html,0.0,0.0,0.0,0.0
2023-04-11,14:30,ZH,0.0,803198,0.0,90.0,4.0,3.0,0.0,1890.0,https://www.zh.ch/de/gesundheit/coronavirus.html,0.0,0.0,0.0,0.0
2023-04-12,14:30,ZH,0.0,803198,0.0,90.0,4.0,3.0,0.0,1890.0,https://www.zh.ch/de/gesundheit/coronavirus.html,0.0,0.0,0.0,0.0
2023-04-13,14:30,ZH,0.0,803198,0.0,85.0,7.0,6.0,0.0,1890.0,https://www.zh.ch/de/gesundheit/coronavirus.html,0.0,0.0,0.0,0.0
2023-04-14,14:30,ZH,0.0,803198,0.0,85.0,6.0,3.0,0.0,1890.0,https://www.zh.ch/de/gesundheit/coronavirus.html,0.0,0.0,0.0,0.0
2023-04-15,14:30,ZH,0.0,803198,0.0,82.0,5.0,3.0,0.0,1890.0,https://www.zh.ch/de/gesundheit/coronavirus.html,0.0,0.0,0.0,0.0
2023-04-16,14:30,ZH,0.0,803198,0.0,84.0,4.0,3.0,0.0,1890.0,https://www.zh.ch/de/gesundheit/coronavirus.html,0.0,0.0,0.0,0.0
2023-04-17,14:30,ZH,0.0,803198,0.0,74.0,4.0,3.0,0.0,1890.0,https://www.zh.ch/de/gesundheit/coronavirus.html,0.0,0.0,0.0,0.0
2023-04-18,14:30,ZH,0.0,803198,0.0,77.0,5.0,4.0,0.0,1890.0,https://www.zh.ch/de/gesundheit/coronavirus.html,0.0,0.0,0.0,0.0
2023-04-19,14:30,ZH,0.0,803198,0.0,80.0,7.0,4.0,0.0,1890.0,https://www.zh.ch/de/gesundheit/coronavirus.html,0.0,0.0,0.0,0.0
2023-04-20,14:30,ZH,0.0,803198,0.0,68.0,7.0,4.0,0.0,1890.0,https://www.zh.ch/de/gesundheit/coronavirus.html,0.0,0.0,0.0,0.0
2023-04-21,14:30,ZH,0.0,803198,0.0,70.0,6.0,4.0,0.0,1890.0,https://www.zh.ch/de/gesundheit/coronavirus.html,0.0,0.0,0.0,0.0
2023-04-22,14:30,ZH,0.0,803198,0.0,65.0,6.0,4.0,0.0,1890.0,https://www.zh.ch/de/gesundheit/coronavirus.html,0.0,0.0,0.0,0.0
2023-04-23,14:30,ZH,0.0,803198,0.0,67.0,6.0,4.0,0.0,1890.0,https://www.zh.ch/de/gesundheit/coronavirus.html,0.0,0.0,0.0,0.0
2023-04-24,14:30,ZH,0.0,803198,0.0,58.0,3.0,3.0,0.0,1890.0,https://www.zh.ch/de/gesundheit/coronavirus.html,0.0,0.0,0.0,0.0
2023-04-25,14:30,ZH,0.0,803198,0.0,70.0,3.0,2.0,0.0,1890.0,https://www.zh.ch/de/gesundheit/coronavirus.html,0.0,0.0,0.0,0.0
2023-04-26,14:30,ZH,0.0,803198,0.0,63.0,3.0,2.0,0.0,1890.0,https://www.zh.ch/de/gesundheit/coronavirus.html,0.0,0.0,0.0,0.0
2023-04-27,14:30,ZH,0.0,803198,0.0,59.0,2.0,1.0,0.0,1890.0,https://www.zh.ch/de/gesundheit/coronavirus.html,0.0,0.0,0.0,0.0
2023-04-28,14:30,ZH,0.0,803198,0.0,63.0,1.0,0.0,0.0,1890.0,https://www.zh.ch/de/gesundheit/coronavirus.html,0.0,0.0,0.0,0.0
2023-04-29,14:30,ZH,0.0,803198,0.0,61.0,1.0,0.0,0.0,1890.0,https://www.zh.ch/de/gesundheit/coronavirus.html,0.0,0.0,0.0,0.0
2023-04-30,14:30,ZH,0.0,803198,0.0,61.0,1.0,0.0,0.0,1890.0,https://www.zh.ch/de/gesundheit/coronavirus.html,0.0,0.0,0.0,0.0
2023-05-01,14:30,ZH,0.0,803198,0.0,60.0,3.0,0.0,0.0,1890.0,https://www.zh.ch/de/gesundheit/coronavirus.html,0.0,0.0,0.0,0.0
2023-05-02,14:30,ZH,0.0,803198,0.0,56.0,4.0,1.0,0.0,1890.0,https://www.zh.ch/de/gesundheit/coronavirus.html,0.0,0.0,0.0,0.0
